system:index,date,gpp_mean_kg_C_m2,.geo
0,2001-01-01,0.0257742399491647,"{""type"":""MultiPoint"",""coordinates"":[]}"
1,2001-02-01,0.018198483654432114,"{""type"":""MultiPoint"",""coordinates"":[]}"
2,2001-03-01,0.010075863719908831,"{""type"":""MultiPoint"",""coordinates"":[]}"
3,2001-04-01,0.014810006361235193,"{""type"":""MultiPoint"",""coordinates"":[]}"
4,2001-05-01,0.011501054266342445,"{""type"":""MultiPoint"",""coordinates"":[]}"
5,2001-06-01,0.006577210107179519,"{""type"":""MultiPoint"",""coordinates"":[]}"
6,2001-07-01,0.01309558454923617,"{""type"":""MultiPoint"",""coordinates"":[]}"
7,2001-08-01,0.018788884451524178,"{""type"":""MultiPoint"",""coordinates"":[]}"
8,2001-09-01,0.01841973396861898,"{""type"":""MultiPoint"",""coordinates"":[]}"
9,2001-10-01,0.02650200211761889,"{""type"":""MultiPoint"",""coordinates"":[]}"
10,2001-11-01,0.027169066092333074,"{""type"":""MultiPoint"",""coordinates"":[]}"
11,2001-12-01,0.024105269723075643,"{""type"":""MultiPoint"",""coordinates"":[]}"
12,2002-01-01,0.028899041287286036,"{""type"":""MultiPoint"",""coordinates"":[]}"
13,2002-02-01,0.029556990877586467,"{""type"":""MultiPoint"",""coordinates"":[]}"
14,2002-03-01,0.0208693977117777,"{""type"":""MultiPoint"",""coordinates"":[]}"
15,2002-04-01,0.012137860576469822,"{""type"":""MultiPoint"",""coordinates"":[]}"
16,2002-05-01,0.010439654105478766,"{""type"":""MultiPoint"",""coordinates"":[]}"
17,2002-06-01,0.01594297036904384,"{""type"":""MultiPoint"",""coordinates"":[]}"
18,2002-07-01,0.01837292410346789,"{""type"":""MultiPoint"",""coordinates"":[]}"
19,2002-08-01,0.01395454000697492,"{""type"":""MultiPoint"",""coordinates"":[]}"
20,2002-09-01,0.02273279822610133,"{""type"":""MultiPoint"",""coordinates"":[]}"
21,2002-10-01,0.014350775486308668,"{""type"":""MultiPoint"",""coordinates"":[]}"
22,2002-11-01,0.02979099473265821,"{""type"":""MultiPoint"",""coordinates"":[]}"
23,2002-12-01,0.02632873809703352,"{""type"":""MultiPoint"",""coordinates"":[]}"
24,2003-01-01,0.024450267212723257,"{""type"":""MultiPoint"",""coordinates"":[]}"
25,2003-02-01,0.017680763964031912,"{""type"":""MultiPoint"",""coordinates"":[]}"
26,2003-03-01,0.012198825654608187,"{""type"":""MultiPoint"",""coordinates"":[]}"
27,2003-04-01,0.009250100269572285,"{""type"":""MultiPoint"",""coordinates"":[]}"
28,2003-05-01,0.0029045803218529205,"{""type"":""MultiPoint"",""coordinates"":[]}"
29,2003-06-01,0.008372553264086572,"{""type"":""MultiPoint"",""coordinates"":[]}"
30,2003-07-01,0.01495002737823688,"{""type"":""MultiPoint"",""coordinates"":[]}"
31,2003-08-01,0.021572994844194702,"{""type"":""MultiPoint"",""coordinates"":[]}"
32,2003-09-01,0.025708992621323253,"{""type"":""MultiPoint"",""coordinates"":[]}"
33,2003-10-01,0.02940498671618227,"{""type"":""MultiPoint"",""coordinates"":[]}"
34,2003-11-01,0.033931035924117676,"{""type"":""MultiPoint"",""coordinates"":[]}"
35,2003-12-01,0.022878194008937862,"{""type"":""MultiPoint"",""coordinates"":[]}"
36,2004-01-01,0.026646001779725374,"{""type"":""MultiPoint"",""coordinates"":[]}"
37,2004-02-01,0.021078312587670848,"{""type"":""MultiPoint"",""coordinates"":[]}"
38,2004-03-01,0.011165797408166613,"{""type"":""MultiPoint"",""coordinates"":[]}"
39,2004-04-01,0.008704172179417767,"{""type"":""MultiPoint"",""coordinates"":[]}"
40,2004-05-01,0.01871745399233967,"{""type"":""MultiPoint"",""coordinates"":[]}"
41,2004-06-01,0.020719668250041172,"{""type"":""MultiPoint"",""coordinates"":[]}"
42,2004-07-01,0.01890607694917644,"{""type"":""MultiPoint"",""coordinates"":[]}"
43,2004-08-01,0.02391092454466207,"{""type"":""MultiPoint"",""coordinates"":[]}"
44,2004-09-01,0.01925075107875256,"{""type"":""MultiPoint"",""coordinates"":[]}"
45,2004-10-01,0.0252857464684307,"{""type"":""MultiPoint"",""coordinates"":[]}"
46,2004-11-01,0.03332831597538042,"{""type"":""MultiPoint"",""coordinates"":[]}"
47,2004-12-01,0.030533427968238307,"{""type"":""MultiPoint"",""coordinates"":[]}"
48,2005-01-01,0.024573884705826967,"{""type"":""MultiPoint"",""coordinates"":[]}"
49,2005-02-01,0.01940505840578686,"{""type"":""MultiPoint"",""coordinates"":[]}"
50,2005-03-01,0.012684160002513255,"{""type"":""MultiPoint"",""coordinates"":[]}"
51,2005-04-01,0.015517436411855372,"{""type"":""MultiPoint"",""coordinates"":[]}"
52,2005-05-01,0.012406323509499332,"{""type"":""MultiPoint"",""coordinates"":[]}"
53,2005-06-01,0.01489338570721709,"{""type"":""MultiPoint"",""coordinates"":[]}"
54,2005-07-01,0.013933156785498328,"{""type"":""MultiPoint"",""coordinates"":[]}"
55,2005-08-01,0.02075764998939705,"{""type"":""MultiPoint"",""coordinates"":[]}"
56,2005-09-01,0.023980663251729907,"{""type"":""MultiPoint"",""coordinates"":[]}"
57,2005-10-01,0.019163573575866042,"{""type"":""MultiPoint"",""coordinates"":[]}"
58,2005-11-01,0.02512747186604148,"{""type"":""MultiPoint"",""coordinates"":[]}"
59,2005-12-01,0.023670299278213625,"{""type"":""MultiPoint"",""coordinates"":[]}"
60,2006-01-01,0.03080873165885175,"{""type"":""MultiPoint"",""coordinates"":[]}"
61,2006-02-01,0.02707716370962024,"{""type"":""MultiPoint"",""coordinates"":[]}"
62,2006-03-01,0.02178132378596164,"{""type"":""MultiPoint"",""coordinates"":[]}"
63,2006-04-01,0.011535432628302249,"{""type"":""MultiPoint"",""coordinates"":[]}"
64,2006-05-01,0.011627961720977333,"{""type"":""MultiPoint"",""coordinates"":[]}"
65,2006-06-01,0.01678631128232913,"{""type"":""MultiPoint"",""coordinates"":[]}"
66,2006-07-01,0.018049823880995526,"{""type"":""MultiPoint"",""coordinates"":[]}"
67,2006-08-01,0.019177630748568503,"{""type"":""MultiPoint"",""coordinates"":[]}"
68,2006-09-01,0.02360919983977748,"{""type"":""MultiPoint"",""coordinates"":[]}"
69,2006-10-01,0.029516328937688602,"{""type"":""MultiPoint"",""coordinates"":[]}"
70,2006-11-01,0.029697928400995787,"{""type"":""MultiPoint"",""coordinates"":[]}"
71,2006-12-01,0.02735679026843428,"{""type"":""MultiPoint"",""coordinates"":[]}"
72,2007-01-01,0.029723499226860607,"{""type"":""MultiPoint"",""coordinates"":[]}"
73,2007-02-01,0.023459941577870326,"{""type"":""MultiPoint"",""coordinates"":[]}"
74,2007-03-01,0.013314984513651061,"{""type"":""MultiPoint"",""coordinates"":[]}"
75,2007-04-01,0.01139994090505153,"{""type"":""MultiPoint"",""coordinates"":[]}"
76,2007-05-01,0.01031817792478209,"{""type"":""MultiPoint"",""coordinates"":[]}"
77,2007-06-01,0.013075165130126897,"{""type"":""MultiPoint"",""coordinates"":[]}"
78,2007-07-01,0.013802579231862044,"{""type"":""MultiPoint"",""coordinates"":[]}"
79,2007-08-01,0.022375333686131146,"{""type"":""MultiPoint"",""coordinates"":[]}"
80,2007-09-01,0.02537651818526819,"{""type"":""MultiPoint"",""coordinates"":[]}"
81,2007-10-01,0.025945549393897545,"{""type"":""MultiPoint"",""coordinates"":[]}"
82,2007-11-01,0.035717070596640366,"{""type"":""MultiPoint"",""coordinates"":[]}"
83,2007-12-01,0.02405317920339936,"{""type"":""MultiPoint"",""coordinates"":[]}"
84,2008-01-01,0.03327897860939183,"{""type"":""MultiPoint"",""coordinates"":[]}"
85,2008-02-01,0.02785930767585068,"{""type"":""MultiPoint"",""coordinates"":[]}"
86,2008-03-01,0.02012010688235408,"{""type"":""MultiPoint"",""coordinates"":[]}"
87,2008-04-01,0.01629412578389914,"{""type"":""MultiPoint"",""coordinates"":[]}"
88,2008-05-01,0.009806043032331516,"{""type"":""MultiPoint"",""coordinates"":[]}"
89,2008-06-01,0.012703048610077077,"{""type"":""MultiPoint"",""coordinates"":[]}"
90,2008-07-01,0.014759766955502227,"{""type"":""MultiPoint"",""coordinates"":[]}"
91,2008-08-01,0.01840917329694143,"{""type"":""MultiPoint"",""coordinates"":[]}"
92,2008-09-01,0.028182205696538308,"{""type"":""MultiPoint"",""coordinates"":[]}"
93,2008-10-01,0.026549246721618992,"{""type"":""MultiPoint"",""coordinates"":[]}"
94,2008-11-01,0.02057836360441479,"{""type"":""MultiPoint"",""coordinates"":[]}"
95,2008-12-01,0.02908483885180777,"{""type"":""MultiPoint"",""coordinates"":[]}"
96,2009-01-01,0.031217800588163848,"{""type"":""MultiPoint"",""coordinates"":[]}"
97,2009-02-01,0.021562164879744123,"{""type"":""MultiPoint"",""coordinates"":[]}"
98,2009-03-01,0.012353917031559577,"{""type"":""MultiPoint"",""coordinates"":[]}"
99,2009-04-01,0.008204161776819366,"{""type"":""MultiPoint"",""coordinates"":[]}"
100,2009-05-01,0.008482067363968664,"{""type"":""MultiPoint"",""coordinates"":[]}"
101,2009-06-01,0.015571438477458864,"{""type"":""MultiPoint"",""coordinates"":[]}"
102,2009-07-01,0.013952713026440054,"{""type"":""MultiPoint"",""coordinates"":[]}"
103,2009-08-01,0.015412257092556093,"{""type"":""MultiPoint"",""coordinates"":[]}"
104,2009-09-01,0.023775056717830298,"{""type"":""MultiPoint"",""coordinates"":[]}"
105,2009-10-01,0.02757879579800901,"{""type"":""MultiPoint"",""coordinates"":[]}"
106,2009-11-01,0.023434187273767844,"{""type"":""MultiPoint"",""coordinates"":[]}"
107,2009-12-01,0.025268830974526493,"{""type"":""MultiPoint"",""coordinates"":[]}"
108,2010-01-01,0.0322259234453501,"{""type"":""MultiPoint"",""coordinates"":[]}"
109,2010-02-01,0.02453316138405144,"{""type"":""MultiPoint"",""coordinates"":[]}"
110,2010-03-01,0.013102070918456625,"{""type"":""MultiPoint"",""coordinates"":[]}"
111,2010-04-01,0.008376457470005687,"{""type"":""MultiPoint"",""coordinates"":[]}"
112,2010-05-01,0.009341608350713793,"{""type"":""MultiPoint"",""coordinates"":[]}"
113,2010-06-01,0.018301169469998,"{""type"":""MultiPoint"",""coordinates"":[]}"
114,2010-07-01,0.01931012988595982,"{""type"":""MultiPoint"",""coordinates"":[]}"
115,2010-08-01,0.024608730172717308,"{""type"":""MultiPoint"",""coordinates"":[]}"
116,2010-09-01,0.025919227143196853,"{""type"":""MultiPoint"",""coordinates"":[]}"
117,2010-10-01,0.0203270379707652,"{""type"":""MultiPoint"",""coordinates"":[]}"
118,2010-11-01,0.023265523467592343,"{""type"":""MultiPoint"",""coordinates"":[]}"
119,2010-12-01,0.024297219062904638,"{""type"":""MultiPoint"",""coordinates"":[]}"
120,2011-01-01,0.03364470296028098,"{""type"":""MultiPoint"",""coordinates"":[]}"
121,2011-02-01,0.028658698140254086,"{""type"":""MultiPoint"",""coordinates"":[]}"
122,2011-03-01,0.018101147528082548,"{""type"":""MultiPoint"",""coordinates"":[]}"
123,2011-04-01,0.015335520651223546,"{""type"":""MultiPoint"",""coordinates"":[]}"
124,2011-05-01,0.010430384441393,"{""type"":""MultiPoint"",""coordinates"":[]}"
125,2011-06-01,0.015426284890849622,"{""type"":""MultiPoint"",""coordinates"":[]}"
126,2011-07-01,0.013710498932355954,"{""type"":""MultiPoint"",""coordinates"":[]}"
127,2011-08-01,0.01668048101315141,"{""type"":""MultiPoint"",""coordinates"":[]}"
128,2011-09-01,0.02913299661784434,"{""type"":""MultiPoint"",""coordinates"":[]}"
129,2011-10-01,0.025435520982129783,"{""type"":""MultiPoint"",""coordinates"":[]}"
130,2011-11-01,0.03436597708986987,"{""type"":""MultiPoint"",""coordinates"":[]}"
131,2011-12-01,0.028896887530916317,"{""type"":""MultiPoint"",""coordinates"":[]}"
132,2012-01-01,0.032096736266943246,"{""type"":""MultiPoint"",""coordinates"":[]}"
133,2012-02-01,0.01919316295323803,"{""type"":""MultiPoint"",""coordinates"":[]}"
134,2012-03-01,0.012280738672401708,"{""type"":""MultiPoint"",""coordinates"":[]}"
135,2012-04-01,0.010055953140525946,"{""type"":""MultiPoint"",""coordinates"":[]}"
136,2012-05-01,0.011105535247751937,"{""type"":""MultiPoint"",""coordinates"":[]}"
137,2012-06-01,0.01404137571206376,"{""type"":""MultiPoint"",""coordinates"":[]}"
138,2012-07-01,0.017379024468322048,"{""type"":""MultiPoint"",""coordinates"":[]}"
139,2012-08-01,0.02051665022711577,"{""type"":""MultiPoint"",""coordinates"":[]}"
140,2012-09-01,0.026083766903317065,"{""type"":""MultiPoint"",""coordinates"":[]}"
141,2012-10-01,0.029729055083961557,"{""type"":""MultiPoint"",""coordinates"":[]}"
142,2012-11-01,0.036242266697705125,"{""type"":""MultiPoint"",""coordinates"":[]}"
143,2012-12-01,0.0306695307628193,"{""type"":""MultiPoint"",""coordinates"":[]}"
144,2013-01-01,0.030201297873162548,"{""type"":""MultiPoint"",""coordinates"":[]}"
145,2013-02-01,0.023328676616160605,"{""type"":""MultiPoint"",""coordinates"":[]}"
146,2013-03-01,0.016421874405664533,"{""type"":""MultiPoint"",""coordinates"":[]}"
147,2013-04-01,0.013225633541584366,"{""type"":""MultiPoint"",""coordinates"":[]}"
148,2013-05-01,0.008695902615531598,"{""type"":""MultiPoint"",""coordinates"":[]}"
149,2013-06-01,0.013975813041499092,"{""type"":""MultiPoint"",""coordinates"":[]}"
150,2013-07-01,0.01141581857527871,"{""type"":""MultiPoint"",""coordinates"":[]}"
151,2013-08-01,0.019314588345228617,"{""type"":""MultiPoint"",""coordinates"":[]}"
152,2013-09-01,0.023579929127409482,"{""type"":""MultiPoint"",""coordinates"":[]}"
153,2013-10-01,0.02541901157868379,"{""type"":""MultiPoint"",""coordinates"":[]}"
154,2013-11-01,0.036141300340823114,"{""type"":""MultiPoint"",""coordinates"":[]}"
155,2013-12-01,0.0306638274638826,"{""type"":""MultiPoint"",""coordinates"":[]}"
156,2014-01-01,0.028506601282303756,"{""type"":""MultiPoint"",""coordinates"":[]}"
157,2014-02-01,0.021994895183334265,"{""type"":""MultiPoint"",""coordinates"":[]}"
158,2014-03-01,0.012258510387578152,"{""type"":""MultiPoint"",""coordinates"":[]}"
159,2014-04-01,0.008488045002419464,"{""type"":""MultiPoint"",""coordinates"":[]}"
160,2014-05-01,0.010097279810390648,"{""type"":""MultiPoint"",""coordinates"":[]}"
161,2014-06-01,0.012218546975238906,"{""type"":""MultiPoint"",""coordinates"":[]}"
162,2014-07-01,0.012265641246151246,"{""type"":""MultiPoint"",""coordinates"":[]}"
163,2014-08-01,0.01615352312956519,"{""type"":""MultiPoint"",""coordinates"":[]}"
164,2014-09-01,0.026160057230559208,"{""type"":""MultiPoint"",""coordinates"":[]}"
165,2014-10-01,0.026287612065974585,"{""type"":""MultiPoint"",""coordinates"":[]}"
166,2014-11-01,0.03093041280613666,"{""type"":""MultiPoint"",""coordinates"":[]}"
167,2014-12-01,0.021746974682840623,"{""type"":""MultiPoint"",""coordinates"":[]}"
168,2015-01-01,0.02708087721951999,"{""type"":""MultiPoint"",""coordinates"":[]}"
169,2015-02-01,0.017982608136462387,"{""type"":""MultiPoint"",""coordinates"":[]}"
170,2015-03-01,0.014999882441347019,"{""type"":""MultiPoint"",""coordinates"":[]}"
171,2015-04-01,0.012578367230809536,"{""type"":""MultiPoint"",""coordinates"":[]}"
172,2015-05-01,0.010775405700028672,"{""type"":""MultiPoint"",""coordinates"":[]}"
173,2015-06-01,0.01610338516205664,"{""type"":""MultiPoint"",""coordinates"":[]}"
174,2015-07-01,0.01593880111913335,"{""type"":""MultiPoint"",""coordinates"":[]}"
175,2015-08-01,0.01777134393406342,"{""type"":""MultiPoint"",""coordinates"":[]}"
176,2015-09-01,0.02424329620376127,"{""type"":""MultiPoint"",""coordinates"":[]}"
177,2015-10-01,0.03440084297542973,"{""type"":""MultiPoint"",""coordinates"":[]}"
178,2015-11-01,0.01949170393760709,"{""type"":""MultiPoint"",""coordinates"":[]}"
179,2015-12-01,0.032245546072367466,"{""type"":""MultiPoint"",""coordinates"":[]}"
180,2016-01-01,0.036294637643461025,"{""type"":""MultiPoint"",""coordinates"":[]}"
181,2016-02-01,0.02695934311381351,"{""type"":""MultiPoint"",""coordinates"":[]}"
182,2016-03-01,0.01582015038277794,"{""type"":""MultiPoint"",""coordinates"":[]}"
183,2016-04-01,0.00937612569454974,"{""type"":""MultiPoint"",""coordinates"":[]}"
184,2016-05-01,0.00951160582441171,"{""type"":""MultiPoint"",""coordinates"":[]}"
185,2016-06-01,0.0138282671871529,"{""type"":""MultiPoint"",""coordinates"":[]}"
186,2016-07-01,0.01774195138064902,"{""type"":""MultiPoint"",""coordinates"":[]}"
187,2016-08-01,0.02058151253134846,"{""type"":""MultiPoint"",""coordinates"":[]}"
188,2016-09-01,0.022964695379804497,"{""type"":""MultiPoint"",""coordinates"":[]}"
189,2016-10-01,0.023125915748637205,"{""type"":""MultiPoint"",""coordinates"":[]}"
190,2016-11-01,0.022204478994832275,"{""type"":""MultiPoint"",""coordinates"":[]}"
191,2016-12-01,0.023058899046455604,"{""type"":""MultiPoint"",""coordinates"":[]}"
192,2017-01-01,0.02733439693268699,"{""type"":""MultiPoint"",""coordinates"":[]}"
193,2017-02-01,0.02135262078106254,"{""type"":""MultiPoint"",""coordinates"":[]}"
194,2017-03-01,0.014823227922921029,"{""type"":""MultiPoint"",""coordinates"":[]}"
195,2017-04-01,0.006402361829078269,"{""type"":""MultiPoint"",""coordinates"":[]}"
196,2017-05-01,0.009549653206529247,"{""type"":""MultiPoint"",""coordinates"":[]}"
197,2017-06-01,0.01275758132048579,"{""type"":""MultiPoint"",""coordinates"":[]}"
198,2017-07-01,0.015473189582294667,"{""type"":""MultiPoint"",""coordinates"":[]}"
199,2017-08-01,0.019983241104720207,"{""type"":""MultiPoint"",""coordinates"":[]}"
200,2017-09-01,0.025063569141772542,"{""type"":""MultiPoint"",""coordinates"":[]}"
201,2017-10-01,0.032376833471717305,"{""type"":""MultiPoint"",""coordinates"":[]}"
202,2017-11-01,0.029923040751425357,"{""type"":""MultiPoint"",""coordinates"":[]}"
203,2017-12-01,0.032049013108601185,"{""type"":""MultiPoint"",""coordinates"":[]}"
204,2018-01-01,0.029409957503148725,"{""type"":""MultiPoint"",""coordinates"":[]}"
205,2018-02-01,0.021064696463627488,"{""type"":""MultiPoint"",""coordinates"":[]}"
206,2018-03-01,0.015264650130985422,"{""type"":""MultiPoint"",""coordinates"":[]}"
207,2018-04-01,0.012271846596445356,"{""type"":""MultiPoint"",""coordinates"":[]}"
208,2018-05-01,0.011967736058975009,"{""type"":""MultiPoint"",""coordinates"":[]}"
209,2018-06-01,0.014326167640065154,"{""type"":""MultiPoint"",""coordinates"":[]}"
210,2018-07-01,0.014072862654197302,"{""type"":""MultiPoint"",""coordinates"":[]}"
211,2018-08-01,0.017087855537093976,"{""type"":""MultiPoint"",""coordinates"":[]}"
212,2018-09-01,0.02601359263088411,"{""type"":""MultiPoint"",""coordinates"":[]}"
213,2018-10-01,0.02805147342000345,"{""type"":""MultiPoint"",""coordinates"":[]}"
214,2018-11-01,0.026651273969370802,"{""type"":""MultiPoint"",""coordinates"":[]}"
215,2018-12-01,0.024247038454035173,"{""type"":""MultiPoint"",""coordinates"":[]}"
216,2019-01-01,0.023807286889796057,"{""type"":""MultiPoint"",""coordinates"":[]}"
217,2019-02-01,0.01708773329444135,"{""type"":""MultiPoint"",""coordinates"":[]}"
218,2019-03-01,0.009920249076630071,"{""type"":""MultiPoint"",""coordinates"":[]}"
219,2019-04-01,0.007808131021303647,"{""type"":""MultiPoint"",""coordinates"":[]}"
220,2019-05-01,0.005964630727414731,"{""type"":""MultiPoint"",""coordinates"":[]}"
221,2019-06-01,0.009586136264178861,"{""type"":""MultiPoint"",""coordinates"":[]}"
222,2019-07-01,0.014853565876167095,"{""type"":""MultiPoint"",""coordinates"":[]}"
223,2019-08-01,0.020303439339062857,"{""type"":""MultiPoint"",""coordinates"":[]}"
224,2019-09-01,0.027458068110884006,"{""type"":""MultiPoint"",""coordinates"":[]}"
225,2019-10-01,0.0222300366206466,"{""type"":""MultiPoint"",""coordinates"":[]}"
226,2019-11-01,0.03553728049681201,"{""type"":""MultiPoint"",""coordinates"":[]}"
227,2019-12-01,0.02945714610748957,"{""type"":""MultiPoint"",""coordinates"":[]}"
228,2020-01-01,0.03181450942093389,"{""type"":""MultiPoint"",""coordinates"":[]}"
229,2020-02-01,0.02492732904108073,"{""type"":""MultiPoint"",""coordinates"":[]}"
230,2020-03-01,0.01590673884298611,"{""type"":""MultiPoint"",""coordinates"":[]}"
231,2020-04-01,0.012062209385466158,"{""type"":""MultiPoint"",""coordinates"":[]}"
232,2020-05-01,0.0101465585796831,"{""type"":""MultiPoint"",""coordinates"":[]}"
233,2020-06-01,0.014235140468154944,"{""type"":""MultiPoint"",""coordinates"":[]}"
234,2020-07-01,0.023088183662108717,"{""type"":""MultiPoint"",""coordinates"":[]}"
235,2020-08-01,0.0231678685476805,"{""type"":""MultiPoint"",""coordinates"":[]}"
236,2020-09-01,0.029457835055983306,"{""type"":""MultiPoint"",""coordinates"":[]}"
237,2020-10-01,0.03494221213429244,"{""type"":""MultiPoint"",""coordinates"":[]}"
238,2020-11-01,0.028909011047767583,"{""type"":""MultiPoint"",""coordinates"":[]}"
239,2020-12-01,0.029010763894059297,"{""type"":""MultiPoint"",""coordinates"":[]}"
240,2021-01-01,0.034262631056959265,"{""type"":""MultiPoint"",""coordinates"":[]}"
241,2021-02-01,0.030838859139783854,"{""type"":""MultiPoint"",""coordinates"":[]}"
242,2021-03-01,0.01869294442627603,"{""type"":""MultiPoint"",""coordinates"":[]}"
243,2021-04-01,0.014962431179080785,"{""type"":""MultiPoint"",""coordinates"":[]}"
244,2021-05-01,0.017563324526094506,"{""type"":""MultiPoint"",""coordinates"":[]}"
245,2021-06-01,0.022723752940851164,"{""type"":""MultiPoint"",""coordinates"":[]}"
246,2021-07-01,0.025893015217186996,"{""type"":""MultiPoint"",""coordinates"":[]}"
247,2021-08-01,0.029355790099011094,"{""type"":""MultiPoint"",""coordinates"":[]}"
248,2021-09-01,0.030706852649098483,"{""type"":""MultiPoint"",""coordinates"":[]}"
249,2021-10-01,0.02983326890713256,"{""type"":""MultiPoint"",""coordinates"":[]}"
250,2021-11-01,0.02540043605178103,"{""type"":""MultiPoint"",""coordinates"":[]}"
251,2021-12-01,0.03520635133390343,"{""type"":""MultiPoint"",""coordinates"":[]}"
252,2022-01-01,0.03936430387000111,"{""type"":""MultiPoint"",""coordinates"":[]}"
253,2022-02-01,0.03936430387000111,"{""type"":""MultiPoint"",""coordinates"":[]}"
254,2022-03-01,0.03936430387000111,"{""type"":""MultiPoint"",""coordinates"":[]}"
255,2022-04-01,0.03936430387000111,"{""type"":""MultiPoint"",""coordinates"":[]}"
256,2022-05-01,0.03936430387000111,"{""type"":""MultiPoint"",""coordinates"":[]}"
257,2022-06-01,0.03936430387000111,"{""type"":""MultiPoint"",""coordinates"":[]}"
258,2022-07-01,0.03936430387000111,"{""type"":""MultiPoint"",""coordinates"":[]}"
259,2022-08-01,0.03936430387000111,"{""type"":""MultiPoint"",""coordinates"":[]}"
260,2022-09-01,0.03936430387000111,"{""type"":""MultiPoint"",""coordinates"":[]}"
261,2022-10-01,0.03936430387000111,"{""type"":""MultiPoint"",""coordinates"":[]}"
262,2022-11-01,0.03936430387000111,"{""type"":""MultiPoint"",""coordinates"":[]}"
263,2022-12-01,0.035673704558370836,"{""type"":""MultiPoint"",""coordinates"":[]}"
264,2023-01-01,0.035570188751677605,"{""type"":""MultiPoint"",""coordinates"":[]}"
265,2023-02-01,0.025914701972274804,"{""type"":""MultiPoint"",""coordinates"":[]}"
266,2023-03-01,0.021122843720283144,"{""type"":""MultiPoint"",""coordinates"":[]}"
267,2023-04-01,0.014563908696667852,"{""type"":""MultiPoint"",""coordinates"":[]}"
268,2023-05-01,0.015683841240999103,"{""type"":""MultiPoint"",""coordinates"":[]}"
269,2023-06-01,0.016966662579554946,"{""type"":""MultiPoint"",""coordinates"":[]}"
270,2023-07-01,0.023528622370040924,"{""type"":""MultiPoint"",""coordinates"":[]}"
271,2023-08-01,0.022781328484089914,"{""type"":""MultiPoint"",""coordinates"":[]}"
272,2023-09-01,0.030667273257189036,"{""type"":""MultiPoint"",""coordinates"":[]}"
273,2023-10-01,0.03609591777020269,"{""type"":""MultiPoint"",""coordinates"":[]}"
274,2023-11-01,0.0322166663572272,"{""type"":""MultiPoint"",""coordinates"":[]}"
275,2023-12-01,0.03060222881259823,"{""type"":""MultiPoint"",""coordinates"":[]}"
276,2024-01-01,0.030546778330265697,"{""type"":""MultiPoint"",""coordinates"":[]}"
277,2024-02-01,0.02341453309382436,"{""type"":""MultiPoint"",""coordinates"":[]}"
278,2024-03-01,0.013125543334536582,"{""type"":""MultiPoint"",""coordinates"":[]}"
279,2024-04-01,0.007073098030678183,"{""type"":""MultiPoint"",""coordinates"":[]}"
280,2024-05-01,0.015495582715004525,"{""type"":""MultiPoint"",""coordinates"":[]}"
281,2024-06-01,0.018211657297096714,"{""type"":""MultiPoint"",""coordinates"":[]}"
282,2024-07-01,0.024035850948596355,"{""type"":""MultiPoint"",""coordinates"":[]}"
283,2024-08-01,0.02717375609022067,"{""type"":""MultiPoint"",""coordinates"":[]}"
284,2024-09-01,0.030333528002055563,"{""type"":""MultiPoint"",""coordinates"":[]}"
285,2024-10-01,0.03454340076910586,"{""type"":""MultiPoint"",""coordinates"":[]}"
286,2024-11-01,0.03201239905080176,"{""type"":""MultiPoint"",""coordinates"":[]}"
287,2024-12-01,0.0320727747231772,"{""type"":""MultiPoint"",""coordinates"":[]}"
288,2025-01-01,0.039778573013690664,"{""type"":""MultiPoint"",""coordinates"":[]}"
289,2025-02-01,0.02938952224774185,"{""type"":""MultiPoint"",""coordinates"":[]}"
290,2025-03-01,0.01872416369714895,"{""type"":""MultiPoint"",""coordinates"":[]}"
291,2025-04-01,0.012424979377521218,"{""type"":""MultiPoint"",""coordinates"":[]}"
292,2025-05-01,0.014633129869937977,"{""type"":""MultiPoint"",""coordinates"":[]}"
293,2025-06-01,0.019345703719899972,"{""type"":""MultiPoint"",""coordinates"":[]}"
294,2025-07-01,0.02335103037939753,"{""type"":""MultiPoint"",""coordinates"":[]}"
295,2025-08-01,0.028031514289026296,"{""type"":""MultiPoint"",""coordinates"":[]}"
296,2025-09-01,0.03109203717857978,"{""type"":""MultiPoint"",""coordinates"":[]}"
297,2025-10-01,0.03182272985343454,"{""type"":""MultiPoint"",""coordinates"":[]}"
298,2025-11-01,0.03599432614334723,"{""type"":""MultiPoint"",""coordinates"":[]}"
