system:index,date,era5_precip_mm_month,era5_temp_C,.geo
0,2001-01-01,70.27304261625692,21.73232172328447,"{""type"":""MultiPoint"",""coordinates"":[]}"
1,2001-02-01,6.92165581694607,24.918349555188207,"{""type"":""MultiPoint"",""coordinates"":[]}"
2,2001-03-01,90.53834165954184,27.338072651283888,"{""type"":""MultiPoint"",""coordinates"":[]}"
3,2001-04-01,930.6460095995275,27.593948945036235,"{""type"":""MultiPoint"",""coordinates"":[]}"
4,2001-05-01,165.13962321666253,30.826476767780814,"{""type"":""MultiPoint"",""coordinates"":[]}"
5,2001-06-01,396.92446777134245,28.42284862851121,"{""type"":""MultiPoint"",""coordinates"":[]}"
6,2001-07-01,765.8772163629939,27.675454689898686,"{""type"":""MultiPoint"",""coordinates"":[]}"
7,2001-08-01,644.9048758836908,26.809320898899063,"{""type"":""MultiPoint"",""coordinates"":[]}"
8,2001-09-01,2369.6682367868093,26.451578688005046,"{""type"":""MultiPoint"",""coordinates"":[]}"
9,2001-10-01,5937.734440045851,24.139379477080716,"{""type"":""MultiPoint"",""coordinates"":[]}"
10,2001-11-01,1023.2636362175866,22.82786830719481,"{""type"":""MultiPoint"",""coordinates"":[]}"
11,2001-12-01,919.4272837308222,20.743572100629585,"{""type"":""MultiPoint"",""coordinates"":[]}"
12,2002-01-01,334.66347090705534,21.61813396964955,"{""type"":""MultiPoint"",""coordinates"":[]}"
13,2002-02-01,83.66131512719272,22.746790835892725,"{""type"":""MultiPoint"",""coordinates"":[]}"
14,2002-03-01,41.31767967411465,26.50834825571738,"{""type"":""MultiPoint"",""coordinates"":[]}"
15,2002-04-01,65.40459860612634,29.052443657991073,"{""type"":""MultiPoint"",""coordinates"":[]}"
16,2002-05-01,768.6095883419304,29.97354031175386,"{""type"":""MultiPoint"",""coordinates"":[]}"
17,2002-06-01,990.6660555983102,27.71458166473304,"{""type"":""MultiPoint"",""coordinates"":[]}"
18,2002-07-01,328.4886885967142,28.200213516500668,"{""type"":""MultiPoint"",""coordinates"":[]}"
19,2002-08-01,517.4601312732548,27.145041604870244,"{""type"":""MultiPoint"",""coordinates"":[]}"
20,2002-09-01,679.2987203479229,27.3112709312249,"{""type"":""MultiPoint"",""coordinates"":[]}"
21,2002-10-01,2179.580046055692,24.84057812229504,"{""type"":""MultiPoint"",""coordinates"":[]}"
22,2002-11-01,1471.2860973278036,22.484093703204657,"{""type"":""MultiPoint"",""coordinates"":[]}"
23,2002-12-01,158.36671564831582,21.229599517366683,"{""type"":""MultiPoint"",""coordinates"":[]}"
24,2003-01-01,29.369850031381294,22.024687964247153,"{""type"":""MultiPoint"",""coordinates"":[]}"
25,2003-02-01,57.85575879451013,24.65660653415819,"{""type"":""MultiPoint"",""coordinates"":[]}"
26,2003-03-01,171.88560893044826,26.703131773256526,"{""type"":""MultiPoint"",""coordinates"":[]}"
27,2003-04-01,105.55227364469698,29.271463578735816,"{""type"":""MultiPoint"",""coordinates"":[]}"
28,2003-05-01,43.72542671568106,31.63844241432356,"{""type"":""MultiPoint"",""coordinates"":[]}"
29,2003-06-01,522.9513296014892,29.58393150925015,"{""type"":""MultiPoint"",""coordinates"":[]}"
30,2003-07-01,805.969448067828,27.44125116297239,"{""type"":""MultiPoint"",""coordinates"":[]}"
31,2003-08-01,1574.688342860528,26.76316801132233,"{""type"":""MultiPoint"",""coordinates"":[]}"
32,2003-09-01,602.2548515600885,27.14099762593774,"{""type"":""MultiPoint"",""coordinates"":[]}"
33,2003-10-01,2219.5225151285345,24.955409921367178,"{""type"":""MultiPoint"",""coordinates"":[]}"
34,2003-11-01,455.7189076515197,23.009512181441032,"{""type"":""MultiPoint"",""coordinates"":[]}"
35,2003-12-01,470.30650641967236,22.09044959707044,"{""type"":""MultiPoint"",""coordinates"":[]}"
36,2004-01-01,150.58481533182112,21.876038029274838,"{""type"":""MultiPoint"",""coordinates"":[]}"
37,2004-02-01,65.59224081416471,23.665922625102592,"{""type"":""MultiPoint"",""coordinates"":[]}"
38,2004-03-01,164.40472229376573,27.11438584298647,"{""type"":""MultiPoint"",""coordinates"":[]}"
39,2004-04-01,231.62299951907525,29.93429136304043,"{""type"":""MultiPoint"",""coordinates"":[]}"
40,2004-05-01,2339.8506439503294,27.059355482374464,"{""type"":""MultiPoint"",""coordinates"":[]}"
41,2004-06-01,608.5185965428308,27.767763791568903,"{""type"":""MultiPoint"",""coordinates"":[]}"
42,2004-07-01,1184.484147512058,26.674934142273415,"{""type"":""MultiPoint"",""coordinates"":[]}"
43,2004-08-01,367.83035520943764,27.549048317820912,"{""type"":""MultiPoint"",""coordinates"":[]}"
44,2004-09-01,1829.1532447648317,25.520238131799562,"{""type"":""MultiPoint"",""coordinates"":[]}"
45,2004-10-01,2022.8898695253927,24.175784830618866,"{""type"":""MultiPoint"",""coordinates"":[]}"
46,2004-11-01,1007.1161742586097,22.204611805339844,"{""type"":""MultiPoint"",""coordinates"":[]}"
47,2004-12-01,30.421615125350346,21.32707945328765,"{""type"":""MultiPoint"",""coordinates"":[]}"
48,2005-01-01,47.360570445477116,22.627622764590235,"{""type"":""MultiPoint"",""coordinates"":[]}"
49,2005-02-01,182.21949904232642,24.332325529124457,"{""type"":""MultiPoint"",""coordinates"":[]}"
50,2005-03-01,246.8088391283697,27.15261604473004,"{""type"":""MultiPoint"",""coordinates"":[]}"
51,2005-04-01,802.747864495573,27.904794520303916,"{""type"":""MultiPoint"",""coordinates"":[]}"
52,2005-05-01,734.8214512836641,30.29575369457161,"{""type"":""MultiPoint"",""coordinates"":[]}"
53,2005-06-01,828.6735517537203,28.898657969967655,"{""type"":""MultiPoint"",""coordinates"":[]}"
54,2005-07-01,1377.1278244192836,27.149484130255672,"{""type"":""MultiPoint"",""coordinates"":[]}"
55,2005-08-01,725.3059020909824,26.925114577332494,"{""type"":""MultiPoint"",""coordinates"":[]}"
56,2005-09-01,1390.685315910881,26.209587229737384,"{""type"":""MultiPoint"",""coordinates"":[]}"
57,2005-10-01,4743.219671202716,24.27062488846781,"{""type"":""MultiPoint"",""coordinates"":[]}"
58,2005-11-01,2346.32650854084,21.750242120261692,"{""type"":""MultiPoint"",""coordinates"":[]}"
59,2005-12-01,1124.9150746936966,21.233908963292777,"{""type"":""MultiPoint"",""coordinates"":[]}"
60,2006-01-01,56.3629564459041,21.088140575086335,"{""type"":""MultiPoint"",""coordinates"":[]}"
61,2006-02-01,2.0872030509036157,22.682365301306785,"{""type"":""MultiPoint"",""coordinates"":[]}"
62,2006-03-01,471.0703614854992,26.1431929244261,"{""type"":""MultiPoint"",""coordinates"":[]}"
63,2006-04-01,322.2718143179953,29.006291280810913,"{""type"":""MultiPoint"",""coordinates"":[]}"
64,2006-05-01,545.8563424999354,29.844139697574377,"{""type"":""MultiPoint"",""coordinates"":[]}"
65,2006-06-01,1226.4586574226848,27.893492429807218,"{""type"":""MultiPoint"",""coordinates"":[]}"
66,2006-07-01,389.68465683049186,27.79506462860506,"{""type"":""MultiPoint"",""coordinates"":[]}"
67,2006-08-01,499.71840010604984,27.43707386474833,"{""type"":""MultiPoint"",""coordinates"":[]}"
68,2006-09-01,1293.8258332550377,26.38807653122967,"{""type"":""MultiPoint"",""coordinates"":[]}"
69,2006-10-01,1755.2069428151462,24.928563900719375,"{""type"":""MultiPoint"",""coordinates"":[]}"
70,2006-11-01,1970.9287506305734,22.739312854380504,"{""type"":""MultiPoint"",""coordinates"":[]}"
71,2006-12-01,356.5506583160788,21.08287595980788,"{""type"":""MultiPoint"",""coordinates"":[]}"
72,2007-01-01,23.471722077392933,21.652007476437078,"{""type"":""MultiPoint"",""coordinates"":[]}"
73,2007-02-01,105.54713362509364,23.589440317585243,"{""type"":""MultiPoint"",""coordinates"":[]}"
74,2007-03-01,3.928744983639612,26.873939092307555,"{""type"":""MultiPoint"",""coordinates"":[]}"
75,2007-04-01,410.6472436394955,28.48429936213039,"{""type"":""MultiPoint"",""coordinates"":[]}"
76,2007-05-01,766.8274686104244,30.3485976466355,"{""type"":""MultiPoint"",""coordinates"":[]}"
77,2007-06-01,2408.8182965539454,27.032986935550714,"{""type"":""MultiPoint"",""coordinates"":[]}"
78,2007-07-01,1685.4039825923846,26.465911678433613,"{""type"":""MultiPoint"",""coordinates"":[]}"
79,2007-08-01,1633.993590454183,25.749786455235416,"{""type"":""MultiPoint"",""coordinates"":[]}"
80,2007-09-01,1203.6655228488423,25.756473751503957,"{""type"":""MultiPoint"",""coordinates"":[]}"
81,2007-10-01,2173.8015961909864,24.983263911583627,"{""type"":""MultiPoint"",""coordinates"":[]}"
82,2007-11-01,734.6102825457806,22.456094947853245,"{""type"":""MultiPoint"",""coordinates"":[]}"
83,2007-12-01,1298.3233984233602,21.774374613254913,"{""type"":""MultiPoint"",""coordinates"":[]}"
84,2008-01-01,150.84173140458745,21.790245979396605,"{""type"":""MultiPoint"",""coordinates"":[]}"
85,2008-02-01,347.00428400098554,24.016368582589234,"{""type"":""MultiPoint"",""coordinates"":[]}"
86,2008-03-01,1686.8259247416488,24.675950968606085,"{""type"":""MultiPoint"",""coordinates"":[]}"
87,2008-04-01,173.1985135931477,28.058716621236446,"{""type"":""MultiPoint"",""coordinates"":[]}"
88,2008-05-01,756.6783323584394,30.393375740217397,"{""type"":""MultiPoint"",""coordinates"":[]}"
89,2008-06-01,489.9708334923071,28.34265209960386,"{""type"":""MultiPoint"",""coordinates"":[]}"
90,2008-07-01,1281.8122152135506,27.538048288360823,"{""type"":""MultiPoint"",""coordinates"":[]}"
91,2008-08-01,1444.9564312328064,25.72686176160086,"{""type"":""MultiPoint"",""coordinates"":[]}"
92,2008-09-01,902.9585662074591,26.06420247446557,"{""type"":""MultiPoint"",""coordinates"":[]}"
93,2008-10-01,1966.4998382990893,24.703397215147778,"{""type"":""MultiPoint"",""coordinates"":[]}"
94,2008-11-01,3491.968684657102,23.356519279618812,"{""type"":""MultiPoint"",""coordinates"":[]}"
95,2008-12-01,137.4104239049947,21.372241128778782,"{""type"":""MultiPoint"",""coordinates"":[]}"
96,2009-01-01,85.10312182044444,21.47712263219117,"{""type"":""MultiPoint"",""coordinates"":[]}"
97,2009-02-01,0.9515066467174547,24.452778159506444,"{""type"":""MultiPoint"",""coordinates"":[]}"
98,2009-03-01,249.3540322286656,26.38850853298493,"{""type"":""MultiPoint"",""coordinates"":[]}"
99,2009-04-01,76.19318742620206,29.593698345943316,"{""type"":""MultiPoint"",""coordinates"":[]}"
100,2009-05-01,859.9430231229353,30.431595775024572,"{""type"":""MultiPoint"",""coordinates"":[]}"
101,2009-06-01,1143.9408850436978,28.459915908382474,"{""type"":""MultiPoint"",""coordinates"":[]}"
102,2009-07-01,506.2564817618771,27.735411887227553,"{""type"":""MultiPoint"",""coordinates"":[]}"
103,2009-08-01,984.8574926838216,27.548995763165923,"{""type"":""MultiPoint"",""coordinates"":[]}"
104,2009-09-01,2100.527375369959,26.293558331654584,"{""type"":""MultiPoint"",""coordinates"":[]}"
105,2009-10-01,985.7443388025413,26.00357739679133,"{""type"":""MultiPoint"",""coordinates"":[]}"
106,2009-11-01,2375.770954658868,23.330026580263503,"{""type"":""MultiPoint"",""coordinates"":[]}"
107,2009-12-01,1040.1240607098384,21.99937848505684,"{""type"":""MultiPoint"",""coordinates"":[]}"
108,2010-01-01,301.8706499081034,22.12637471503331,"{""type"":""MultiPoint"",""coordinates"":[]}"
109,2010-02-01,11.274115166685016,24.297224108008088,"{""type"":""MultiPoint"",""coordinates"":[]}"
110,2010-03-01,39.49699049718738,27.823969896495218,"{""type"":""MultiPoint"",""coordinates"":[]}"
111,2010-04-01,80.48607915883659,30.560574998912355,"{""type"":""MultiPoint"",""coordinates"":[]}"
112,2010-05-01,873.0373496263096,30.83075927423484,"{""type"":""MultiPoint"",""coordinates"":[]}"
113,2010-06-01,1547.3468164983692,28.23059393731365,"{""type"":""MultiPoint"",""coordinates"":[]}"
114,2010-07-01,2000.8844598832654,26.073447378176365,"{""type"":""MultiPoint"",""coordinates"":[]}"
115,2010-08-01,3104.266082274948,26.06929252649738,"{""type"":""MultiPoint"",""coordinates"":[]}"
116,2010-09-01,1360.4341192823845,25.554955590582797,"{""type"":""MultiPoint"",""coordinates"":[]}"
117,2010-10-01,1234.519904129932,25.408933996033117,"{""type"":""MultiPoint"",""coordinates"":[]}"
118,2010-11-01,2494.9326837812337,23.192100064097446,"{""type"":""MultiPoint"",""coordinates"":[]}"
119,2010-12-01,1103.9150073866854,21.207116832572332,"{""type"":""MultiPoint"",""coordinates"":[]}"
120,2011-01-01,64.81324936821783,21.23899774929058,"{""type"":""MultiPoint"",""coordinates"":[]}"
121,2011-02-01,223.4942505862616,22.822189249746796,"{""type"":""MultiPoint"",""coordinates"":[]}"
122,2011-03-01,2.8883435086576275,25.986999743877735,"{""type"":""MultiPoint"",""coordinates"":[]}"
123,2011-04-01,618.2085229486255,27.961723136495987,"{""type"":""MultiPoint"",""coordinates"":[]}"
124,2011-05-01,743.1542948057223,30.256212389436325,"{""type"":""MultiPoint"",""coordinates"":[]}"
125,2011-06-01,624.4297554181322,28.45032055562796,"{""type"":""MultiPoint"",""coordinates"":[]}"
126,2011-07-01,1589.4225301804074,27.185029475000547,"{""type"":""MultiPoint"",""coordinates"":[]}"
127,2011-08-01,1310.4514258739543,26.1815477436124,"{""type"":""MultiPoint"",""coordinates"":[]}"
128,2011-09-01,614.8447116821529,27.0457935491841,"{""type"":""MultiPoint"",""coordinates"":[]}"
129,2011-10-01,1819.506759023838,25.468334228958152,"{""type"":""MultiPoint"",""coordinates"":[]}"
130,2011-11-01,1454.5878375320005,22.626978141331676,"{""type"":""MultiPoint"",""coordinates"":[]}"
131,2011-12-01,664.8071074912601,21.898204727532427,"{""type"":""MultiPoint"",""coordinates"":[]}"
132,2012-01-01,169.17899311586356,21.533741169556123,"{""type"":""MultiPoint"",""coordinates"":[]}"
133,2012-02-01,4.135375171637302,23.902258705354605,"{""type"":""MultiPoint"",""coordinates"":[]}"
134,2012-03-01,40.79987083708499,27.526810754575337,"{""type"":""MultiPoint"",""coordinates"":[]}"
135,2012-04-01,377.1136725592934,29.055007348156092,"{""type"":""MultiPoint"",""coordinates"":[]}"
136,2012-05-01,504.5684279811659,30.852578986914487,"{""type"":""MultiPoint"",""coordinates"":[]}"
137,2012-06-01,595.7313144004681,29.476468966675508,"{""type"":""MultiPoint"",""coordinates"":[]}"
138,2012-07-01,736.6605936997695,27.948534919196625,"{""type"":""MultiPoint"",""coordinates"":[]}"
139,2012-08-01,1127.8989739331705,27.406186969350795,"{""type"":""MultiPoint"",""coordinates"":[]}"
140,2012-09-01,886.5309726915858,27.362943205721557,"{""type"":""MultiPoint"",""coordinates"":[]}"
141,2012-10-01,2105.846009284742,25.088856106897524,"{""type"":""MultiPoint"",""coordinates"":[]}"
142,2012-11-01,729.448303702827,23.33034685106504,"{""type"":""MultiPoint"",""coordinates"":[]}"
143,2012-12-01,1152.8443222642147,21.96345890238494,"{""type"":""MultiPoint"",""coordinates"":[]}"
144,2013-01-01,6.200322017766363,22.465313734192133,"{""type"":""MultiPoint"",""coordinates"":[]}"
145,2013-02-01,276.6930511274594,23.751132738642156,"{""type"":""MultiPoint"",""coordinates"":[]}"
146,2013-03-01,67.87149937568526,26.95297679331625,"{""type"":""MultiPoint"",""coordinates"":[]}"
147,2013-04-01,229.44396538788712,29.772648960844222,"{""type"":""MultiPoint"",""coordinates"":[]}"
148,2013-05-01,502.94070015693904,30.98506462454372,"{""type"":""MultiPoint"",""coordinates"":[]}"
149,2013-06-01,735.4137258125363,27.891893885307258,"{""type"":""MultiPoint"",""coordinates"":[]}"
150,2013-07-01,1021.0489591899772,26.346560207375735,"{""type"":""MultiPoint"",""coordinates"":[]}"
151,2013-08-01,1581.6091107068203,26.47038177706157,"{""type"":""MultiPoint"",""coordinates"":[]}"
152,2013-09-01,2118.048969600841,25.630239381297624,"{""type"":""MultiPoint"",""coordinates"":[]}"
153,2013-10-01,1939.7366212721606,25.166482510458454,"{""type"":""MultiPoint"",""coordinates"":[]}"
154,2013-11-01,797.8802052974538,22.94336992188373,"{""type"":""MultiPoint"",""coordinates"":[]}"
155,2013-12-01,231.1087219010274,21.628811485664624,"{""type"":""MultiPoint"",""coordinates"":[]}"
156,2014-01-01,37.64723472882351,21.87612265351745,"{""type"":""MultiPoint"",""coordinates"":[]}"
157,2014-02-01,120.69547453790919,23.5618375258884,"{""type"":""MultiPoint"",""coordinates"":[]}"
158,2014-03-01,86.78446059878999,26.30211383611104,"{""type"":""MultiPoint"",""coordinates"":[]}"
159,2014-04-01,24.00140645676697,29.626948800888346,"{""type"":""MultiPoint"",""coordinates"":[]}"
160,2014-05-01,834.1523396304667,30.25258795607915,"{""type"":""MultiPoint"",""coordinates"":[]}"
161,2014-06-01,1014.0721946828384,29.764457042040274,"{""type"":""MultiPoint"",""coordinates"":[]}"
162,2014-07-01,734.6661295615535,27.652919533783926,"{""type"":""MultiPoint"",""coordinates"":[]}"
163,2014-08-01,1210.8906185146861,26.917956344003823,"{""type"":""MultiPoint"",""coordinates"":[]}"
164,2014-09-01,1086.7412607410783,26.459493278986184,"{""type"":""MultiPoint"",""coordinates"":[]}"
165,2014-10-01,1903.9909067022472,25.25986280945421,"{""type"":""MultiPoint"",""coordinates"":[]}"
166,2014-11-01,1291.3500551212123,22.888286733565977,"{""type"":""MultiPoint"",""coordinates"":[]}"
167,2014-12-01,784.5219424992429,22.02047905677447,"{""type"":""MultiPoint"",""coordinates"":[]}"
168,2015-01-01,132.21950094614175,22.067335299674887,"{""type"":""MultiPoint"",""coordinates"":[]}"
169,2015-02-01,21.33455420130595,23.560794663886202,"{""type"":""MultiPoint"",""coordinates"":[]}"
170,2015-03-01,208.66355371436345,26.6824741488153,"{""type"":""MultiPoint"",""coordinates"":[]}"
171,2015-04-01,1094.0553639111915,28.036659291200458,"{""type"":""MultiPoint"",""coordinates"":[]}"
172,2015-05-01,902.6402375088932,29.641910472692132,"{""type"":""MultiPoint"",""coordinates"":[]}"
173,2015-06-01,1172.7642188721388,27.853189009885337,"{""type"":""MultiPoint"",""coordinates"":[]}"
174,2015-07-01,703.4800477328197,28.57902982550658,"{""type"":""MultiPoint"",""coordinates"":[]}"
175,2015-08-01,1072.5462503961342,27.287770318280014,"{""type"":""MultiPoint"",""coordinates"":[]}"
176,2015-09-01,1345.2972840024481,26.741470233416567,"{""type"":""MultiPoint"",""coordinates"":[]}"
177,2015-10-01,1687.301893005957,25.332277560102742,"{""type"":""MultiPoint"",""coordinates"":[]}"
178,2015-11-01,5098.653569258303,22.797190321384655,"{""type"":""MultiPoint"",""coordinates"":[]}"
179,2015-12-01,977.0974665566231,22.1319728339504,"{""type"":""MultiPoint"",""coordinates"":[]}"
180,2016-01-01,161.13154085291177,21.932429374981112,"{""type"":""MultiPoint"",""coordinates"":[]}"
181,2016-02-01,9.849053003869106,24.611150509543496,"{""type"":""MultiPoint"",""coordinates"":[]}"
182,2016-03-01,60.0949360628303,27.523196174192144,"{""type"":""MultiPoint"",""coordinates"":[]}"
183,2016-04-01,21.734896951265135,30.50048811564847,"{""type"":""MultiPoint"",""coordinates"":[]}"
184,2016-05-01,1494.968826884264,29.693451141413185,"{""type"":""MultiPoint"",""coordinates"":[]}"
185,2016-06-01,1971.0691137126664,27.131235376941863,"{""type"":""MultiPoint"",""coordinates"":[]}"
186,2016-07-01,1766.055508384196,26.47481222818677,"{""type"":""MultiPoint"",""coordinates"":[]}"
187,2016-08-01,325.68690618707836,27.488418913509484,"{""type"":""MultiPoint"",""coordinates"":[]}"
188,2016-09-01,582.1063964232593,27.05198674776619,"{""type"":""MultiPoint"",""coordinates"":[]}"
189,2016-10-01,232.46801807194097,27.63224656381306,"{""type"":""MultiPoint"",""coordinates"":[]}"
190,2016-11-01,206.79947682170572,24.719738229665445,"{""type"":""MultiPoint"",""coordinates"":[]}"
191,2016-12-01,1742.5629626726898,22.019940886897857,"{""type"":""MultiPoint"",""coordinates"":[]}"
192,2017-01-01,261.9117860331878,22.29290931812195,"{""type"":""MultiPoint"",""coordinates"":[]}"
193,2017-02-01,1.5661251513297425,23.74876811638623,"{""type"":""MultiPoint"",""coordinates"":[]}"
194,2017-03-01,209.54213705671296,27.661130807237896,"{""type"":""MultiPoint"",""coordinates"":[]}"
195,2017-04-01,78.42890313606334,30.95849528975062,"{""type"":""MultiPoint"",""coordinates"":[]}"
196,2017-05-01,642.8067739623986,30.88862871338616,"{""type"":""MultiPoint"",""coordinates"":[]}"
197,2017-06-01,1055.1042394773428,28.211932373337003,"{""type"":""MultiPoint"",""coordinates"":[]}"
198,2017-07-01,576.5700998573375,28.29815859665629,"{""type"":""MultiPoint"",""coordinates"":[]}"
199,2017-08-01,1980.379487125782,26.582796480504186,"{""type"":""MultiPoint"",""coordinates"":[]}"
200,2017-09-01,2259.2657776726646,25.890571152310475,"{""type"":""MultiPoint"",""coordinates"":[]}"
201,2017-10-01,2303.8822738409763,25.017811257093832,"{""type"":""MultiPoint"",""coordinates"":[]}"
202,2017-11-01,1578.4548372775987,23.215999918391397,"{""type"":""MultiPoint"",""coordinates"":[]}"
203,2017-12-01,218.5530821327565,21.76414868279673,"{""type"":""MultiPoint"",""coordinates"":[]}"
204,2018-01-01,8.262537629612812,22.009548362135078,"{""type"":""MultiPoint"",""coordinates"":[]}"
205,2018-02-01,99.68431541729949,23.347705747023564,"{""type"":""MultiPoint"",""coordinates"":[]}"
206,2018-03-01,423.3346216719892,26.474470415162955,"{""type"":""MultiPoint"",""coordinates"":[]}"
207,2018-04-01,75.56482648302531,29.164426951419827,"{""type"":""MultiPoint"",""coordinates"":[]}"
208,2018-05-01,462.6826755952374,30.11062801671934,"{""type"":""MultiPoint"",""coordinates"":[]}"
209,2018-06-01,1387.3623758438707,28.043938932329866,"{""type"":""MultiPoint"",""coordinates"":[]}"
210,2018-07-01,628.7610265908427,27.51255070072114,"{""type"":""MultiPoint"",""coordinates"":[]}"
211,2018-08-01,743.3581000243984,27.152913655689805,"{""type"":""MultiPoint"",""coordinates"":[]}"
212,2018-09-01,1054.5320301729996,26.926011560311707,"{""type"":""MultiPoint"",""coordinates"":[]}"
213,2018-10-01,914.1409411427338,25.42004262886288,"{""type"":""MultiPoint"",""coordinates"":[]}"
214,2018-11-01,1847.2792147904904,23.5145090597553,"{""type"":""MultiPoint"",""coordinates"":[]}"
215,2018-12-01,221.29210836765088,22.940146997942623,"{""type"":""MultiPoint"",""coordinates"":[]}"
216,2019-01-01,175.04951811949482,21.847698386464472,"{""type"":""MultiPoint"",""coordinates"":[]}"
217,2019-02-01,85.95099372019571,25.230508700610653,"{""type"":""MultiPoint"",""coordinates"":[]}"
218,2019-03-01,35.304530520340656,28.39800489613656,"{""type"":""MultiPoint"",""coordinates"":[]}"
219,2019-04-01,214.44545103399787,30.032725526116092,"{""type"":""MultiPoint"",""coordinates"":[]}"
220,2019-05-01,222.45607831734642,32.05774182818745,"{""type"":""MultiPoint"",""coordinates"":[]}"
221,2019-06-01,944.9233886355769,29.783060841431848,"{""type"":""MultiPoint"",""coordinates"":[]}"
222,2019-07-01,1383.4979915520526,27.580408343374764,"{""type"":""MultiPoint"",""coordinates"":[]}"
223,2019-08-01,1376.4361835627963,26.633159816539802,"{""type"":""MultiPoint"",""coordinates"":[]}"
224,2019-09-01,2730.4298292766466,25.97321006847992,"{""type"":""MultiPoint"",""coordinates"":[]}"
225,2019-10-01,2621.9521978217595,24.5797338160058,"{""type"":""MultiPoint"",""coordinates"":[]}"
226,2019-11-01,963.6963596400435,23.837545063266113,"{""type"":""MultiPoint"",""coordinates"":[]}"
227,2019-12-01,1039.2226541457273,22.065674374339395,"{""type"":""MultiPoint"",""coordinates"":[]}"
228,2020-01-01,259.2458916333588,22.727836410226747,"{""type"":""MultiPoint"",""coordinates"":[]}"
229,2020-02-01,35.755573849331896,23.87653708739701,"{""type"":""MultiPoint"",""coordinates"":[]}"
230,2020-03-01,88.97998069462858,26.735497163706196,"{""type"":""MultiPoint"",""coordinates"":[]}"
231,2020-04-01,206.5092788214598,28.854620048749535,"{""type"":""MultiPoint"",""coordinates"":[]}"
232,2020-05-01,97.9313539952148,30.64765633347977,"{""type"":""MultiPoint"",""coordinates"":[]}"
233,2020-06-01,1297.50818571533,28.568825959329285,"{""type"":""MultiPoint"",""coordinates"":[]}"
234,2020-07-01,2178.200090714811,26.121747305906528,"{""type"":""MultiPoint"",""coordinates"":[]}"
235,2020-08-01,723.4550238044146,26.377313346551688,"{""type"":""MultiPoint"",""coordinates"":[]}"
236,2020-09-01,2082.9002056791505,25.483823855286946,"{""type"":""MultiPoint"",""coordinates"":[]}"
237,2020-10-01,1100.2989485536152,25.355218163218527,"{""type"":""MultiPoint"",""coordinates"":[]}"
238,2020-11-01,3196.178968232881,23.255027654019823,"{""type"":""MultiPoint"",""coordinates"":[]}"
239,2020-12-01,2015.2620794777126,21.26105638829647,"{""type"":""MultiPoint"",""coordinates"":[]}"
240,2021-01-01,814.6888301910503,21.815085298457515,"{""type"":""MultiPoint"",""coordinates"":[]}"
241,2021-02-01,232.02451041071612,22.377238749792426,"{""type"":""MultiPoint"",""coordinates"":[]}"
242,2021-03-01,1.8501245576544298,26.37231048995671,"{""type"":""MultiPoint"",""coordinates"":[]}"
243,2021-04-01,241.41337769357412,28.954581310690553,"{""type"":""MultiPoint"",""coordinates"":[]}"
244,2021-05-01,588.877459782533,29.223574340742488,"{""type"":""MultiPoint"",""coordinates"":[]}"
245,2021-06-01,845.8776960764293,28.192664945389513,"{""type"":""MultiPoint"",""coordinates"":[]}"
246,2021-07-01,1992.3905010723456,26.34067786927639,"{""type"":""MultiPoint"",""coordinates"":[]}"
247,2021-08-01,1235.505302781349,26.712712604792237,"{""type"":""MultiPoint"",""coordinates"":[]}"
248,2021-09-01,1062.6339311144077,26.44695704656367,"{""type"":""MultiPoint"",""coordinates"":[]}"
249,2021-10-01,2602.0642846492447,25.284241408745228,"{""type"":""MultiPoint"",""coordinates"":[]}"
250,2021-11-01,5431.581180164957,22.860719046390045,"{""type"":""MultiPoint"",""coordinates"":[]}"
251,2021-12-01,395.8031087782509,21.70236456493294,"{""type"":""MultiPoint"",""coordinates"":[]}"
252,2022-01-01,277.38905497889453,22.341812718000256,"{""type"":""MultiPoint"",""coordinates"":[]}"
253,2022-02-01,19.176952925384665,23.299059993894776,"{""type"":""MultiPoint"",""coordinates"":[]}"
254,2022-03-01,34.74852388155253,26.91717207897465,"{""type"":""MultiPoint"",""coordinates"":[]}"
255,2022-04-01,98.71341138851786,29.216442690414866,"{""type"":""MultiPoint"",""coordinates"":[]}"
256,2022-05-01,1154.805382549277,28.63185283790081,"{""type"":""MultiPoint"",""coordinates"":[]}"
257,2022-06-01,1356.5703317567254,27.879504012109635,"{""type"":""MultiPoint"",""coordinates"":[]}"
258,2022-07-01,1197.6006010396386,26.345092862853235,"{""type"":""MultiPoint"",""coordinates"":[]}"
259,2022-08-01,1942.7200387031455,26.341388861468033,"{""type"":""MultiPoint"",""coordinates"":[]}"
260,2022-09-01,1104.8436319593127,26.186565158336876,"{""type"":""MultiPoint"",""coordinates"":[]}"
261,2022-10-01,1579.9405816117421,24.287581802181926,"{""type"":""MultiPoint"",""coordinates"":[]}"
262,2022-11-01,2035.4180591615604,22.39872053141068,"{""type"":""MultiPoint"",""coordinates"":[]}"
263,2022-12-01,2015.934294564997,21.97882644459709,"{""type"":""MultiPoint"",""coordinates"":[]}"
264,2023-01-01,91.06577731075532,21.20306155516386,"{""type"":""MultiPoint"",""coordinates"":[]}"
265,2023-02-01,3.81296558324668,23.669647046544085,"{""type"":""MultiPoint"",""coordinates"":[]}"
266,2023-03-01,466.63614627781004,25.94982571439219,"{""type"":""MultiPoint"",""coordinates"":[]}"
267,2023-04-01,351.8128899515029,28.679575669546225,"{""type"":""MultiPoint"",""coordinates"":[]}"
268,2023-05-01,1005.7531379253197,29.644663274205502,"{""type"":""MultiPoint"",""coordinates"":[]}"
269,2023-06-01,776.6137574116461,29.670714906862944,"{""type"":""MultiPoint"",""coordinates"":[]}"
270,2023-07-01,1576.2950757059302,26.78476315209612,"{""type"":""MultiPoint"",""coordinates"":[]}"
271,2023-08-01,604.2272509319881,28.527136642937403,"{""type"":""MultiPoint"",""coordinates"":[]}"
272,2023-09-01,1404.5403346864725,27.362063389414235,"{""type"":""MultiPoint"",""coordinates"":[]}"
273,2023-10-01,396.18840975032,26.577679196675653,"{""type"":""MultiPoint"",""coordinates"":[]}"
274,2023-11-01,1987.1085106917749,23.84654374170003,"{""type"":""MultiPoint"",""coordinates"":[]}"
275,2023-12-01,1704.6316406378075,22.411143241103318,"{""type"":""MultiPoint"",""coordinates"":[]}"
276,2024-01-01,587.6178885273719,22.626415868431696,"{""type"":""MultiPoint"",""coordinates"":[]}"
277,2024-02-01,39.4863326775738,25.150357632140075,"{""type"":""MultiPoint"",""coordinates"":[]}"
278,2024-03-01,11.355929167272162,27.929114854881945,"{""type"":""MultiPoint"",""coordinates"":[]}"
279,2024-04-01,14.035512411867959,30.78607093476781,"{""type"":""MultiPoint"",""coordinates"":[]}"
280,2024-05-01,1016.0875789240631,30.27882564945868,"{""type"":""MultiPoint"",""coordinates"":[]}"
281,2024-06-01,1996.2702641719748,27.65815718721656,"{""type"":""MultiPoint"",""coordinates"":[]}"
282,2024-07-01,1383.3679884140258,26.895513601910576,"{""type"":""MultiPoint"",""coordinates"":[]}"
283,2024-08-01,1406.113620337264,26.73684995549446,"{""type"":""MultiPoint"",""coordinates"":[]}"
284,2024-09-01,573.1028715577175,27.28457166187082,"{""type"":""MultiPoint"",""coordinates"":[]}"
285,2024-10-01,2585.153192842767,25.332347677830878,"{""type"":""MultiPoint"",""coordinates"":[]}"
286,2024-11-01,1807.7818217260956,23.377365061943355,"{""type"":""MultiPoint"",""coordinates"":[]}"
287,2024-12-01,1456.5437709795096,22.682068055686727,"{""type"":""MultiPoint"",""coordinates"":[]}"
288,2025-01-01,127.21450247278354,21.442921419938802,"{""type"":""MultiPoint"",""coordinates"":[]}"
289,2025-02-01,2.749684111848085,24.237501668868397,"{""type"":""MultiPoint"",""coordinates"":[]}"
290,2025-03-01,95.66649633743978,27.306829147409047,"{""type"":""MultiPoint"",""coordinates"":[]}"
291,2025-04-01,353.022830223416,29.167745405090567,"{""type"":""MultiPoint"",""coordinates"":[]}"
292,2025-05-01,1390.1651057838699,28.792923891484133,"{""type"":""MultiPoint"",""coordinates"":[]}"
293,2025-06-01,451.4223764073233,28.57642737990532,"{""type"":""MultiPoint"",""coordinates"":[]}"
294,2025-07-01,633.8023152054964,27.768521100113,"{""type"":""MultiPoint"",""coordinates"":[]}"
295,2025-08-01,1846.34271523086,26.10485396926358,"{""type"":""MultiPoint"",""coordinates"":[]}"
296,2025-09-01,528.9525570867339,26.812901356800516,"{""type"":""MultiPoint"",""coordinates"":[]}"
297,2025-10-01,2291.3048774233666,25.006862104147004,"{""type"":""MultiPoint"",""coordinates"":[]}"
298,2025-11-01,1141.067782051107,23.36773618274103,"{""type"":""MultiPoint"",""coordinates"":[]}"
