system:index,date,spei_03,.geo
2001_01_01,2001-01-01,-1.0258745487230783,"{""type"":""MultiPoint"",""coordinates"":[]}"
2001_02_01,2001-02-01,-0.6622970082848093,"{""type"":""MultiPoint"",""coordinates"":[]}"
2001_03_01,2001-03-01,-0.41915711331408856,"{""type"":""MultiPoint"",""coordinates"":[]}"
2001_04_01,2001-04-01,-0.22651045242972165,"{""type"":""MultiPoint"",""coordinates"":[]}"
2001_05_01,2001-05-01,-0.7950607517543166,"{""type"":""MultiPoint"",""coordinates"":[]}"
2001_06_01,2001-06-01,-0.6919777577623737,"{""type"":""MultiPoint"",""coordinates"":[]}"
2001_07_01,2001-07-01,-0.7996575847072794,"{""type"":""MultiPoint"",""coordinates"":[]}"
2001_08_01,2001-08-01,-0.3503436726175461,"{""type"":""MultiPoint"",""coordinates"":[]}"
2001_09_01,2001-09-01,-0.2133505573681482,"{""type"":""MultiPoint"",""coordinates"":[]}"
2001_10_01,2001-10-01,0.4047065336277324,"{""type"":""MultiPoint"",""coordinates"":[]}"
2001_11_01,2001-11-01,0.1634123668012855,"{""type"":""MultiPoint"",""coordinates"":[]}"
2001_12_01,2001-12-01,0.10632607904919866,"{""type"":""MultiPoint"",""coordinates"":[]}"
2002_01_01,2002-01-01,-0.5217080066180175,"{""type"":""MultiPoint"",""coordinates"":[]}"
2002_02_01,2002-02-01,0.08324199838817992,"{""type"":""MultiPoint"",""coordinates"":[]}"
2002_03_01,2002-03-01,-0.2616419560098612,"{""type"":""MultiPoint"",""coordinates"":[]}"
2002_04_01,2002-04-01,-1.6539651876977526,"{""type"":""MultiPoint"",""coordinates"":[]}"
2002_05_01,2002-05-01,-0.07743994796823829,"{""type"":""MultiPoint"",""coordinates"":[]}"
2002_06_01,2002-06-01,0.29279384990678725,"{""type"":""MultiPoint"",""coordinates"":[]}"
2002_07_01,2002-07-01,-0.34811005112050863,"{""type"":""MultiPoint"",""coordinates"":[]}"
2002_08_01,2002-08-01,-0.9012424517523445,"{""type"":""MultiPoint"",""coordinates"":[]}"
2002_09_01,2002-09-01,-1.6775669013893226,"{""type"":""MultiPoint"",""coordinates"":[]}"
2002_10_01,2002-10-01,-0.41982715317811425,"{""type"":""MultiPoint"",""coordinates"":[]}"
2002_11_01,2002-11-01,-0.45771940131783023,"{""type"":""MultiPoint"",""coordinates"":[]}"
2002_12_01,2002-12-01,0.002763114229803965,"{""type"":""MultiPoint"",""coordinates"":[]}"
2003_01_01,2003-01-01,-0.7108433028782158,"{""type"":""MultiPoint"",""coordinates"":[]}"
2003_02_01,2003-02-01,-1.2871539227854039,"{""type"":""MultiPoint"",""coordinates"":[]}"
2003_03_01,2003-03-01,-0.7930214262596901,"{""type"":""MultiPoint"",""coordinates"":[]}"
2003_04_01,2003-04-01,-0.4308105280124507,"{""type"":""MultiPoint"",""coordinates"":[]}"
2003_05_01,2003-05-01,-1.3850906139717898,"{""type"":""MultiPoint"",""coordinates"":[]}"
2003_06_01,2003-06-01,-1.4731936293927728,"{""type"":""MultiPoint"",""coordinates"":[]}"
2003_07_01,2003-07-01,-0.6292845101577554,"{""type"":""MultiPoint"",""coordinates"":[]}"
2003_08_01,2003-08-01,0.07530860307543105,"{""type"":""MultiPoint"",""coordinates"":[]}"
2003_09_01,2003-09-01,-0.30797004117217536,"{""type"":""MultiPoint"",""coordinates"":[]}"
2003_10_01,2003-10-01,-0.21504522609591212,"{""type"":""MultiPoint"",""coordinates"":[]}"
2003_11_01,2003-11-01,-0.8609689007195126,"{""type"":""MultiPoint"",""coordinates"":[]}"
2003_12_01,2003-12-01,-0.6100786507119617,"{""type"":""MultiPoint"",""coordinates"":[]}"
2004_01_01,2004-01-01,-1.5615203432055191,"{""type"":""MultiPoint"",""coordinates"":[]}"
2004_02_01,2004-02-01,-1.265509041162666,"{""type"":""MultiPoint"",""coordinates"":[]}"
2004_03_01,2004-03-01,-1.340321684122637,"{""type"":""MultiPoint"",""coordinates"":[]}"
2004_04_01,2004-04-01,-0.6243719170006451,"{""type"":""MultiPoint"",""coordinates"":[]}"
2004_05_01,2004-05-01,1.04158993960346,"{""type"":""MultiPoint"",""coordinates"":[]}"
2004_06_01,2004-06-01,0.8948725311224885,"{""type"":""MultiPoint"",""coordinates"":[]}"
2004_07_01,2004-07-01,1.247161477183781,"{""type"":""MultiPoint"",""coordinates"":[]}"
2004_08_01,2004-08-01,-0.34708911302279033,"{""type"":""MultiPoint"",""coordinates"":[]}"
2004_09_01,2004-09-01,0.3396808373294455,"{""type"":""MultiPoint"",""coordinates"":[]}"
2004_10_01,2004-10-01,-0.018372428800936574,"{""type"":""MultiPoint"",""coordinates"":[]}"
2004_11_01,2004-11-01,0.05122981424986996,"{""type"":""MultiPoint"",""coordinates"":[]}"
2004_12_01,2004-12-01,-0.7753054818329483,"{""type"":""MultiPoint"",""coordinates"":[]}"
2005_01_01,2005-01-01,-1.3866240778792887,"{""type"":""MultiPoint"",""coordinates"":[]}"
2005_02_01,2005-02-01,-1.5243826900524826,"{""type"":""MultiPoint"",""coordinates"":[]}"
2005_03_01,2005-03-01,-0.6441766079012579,"{""type"":""MultiPoint"",""coordinates"":[]}"
2005_04_01,2005-04-01,0.48867079733641855,"{""type"":""MultiPoint"",""coordinates"":[]}"
2005_05_01,2005-05-01,0.8237819587531785,"{""type"":""MultiPoint"",""coordinates"":[]}"
2005_06_01,2005-06-01,0.33228952759904135,"{""type"":""MultiPoint"",""coordinates"":[]}"
2005_07_01,2005-07-01,0.46175996043540557,"{""type"":""MultiPoint"",""coordinates"":[]}"
2005_08_01,2005-08-01,0.07077285916233576,"{""type"":""MultiPoint"",""coordinates"":[]}"
2005_09_01,2005-09-01,0.72009089370829,"{""type"":""MultiPoint"",""coordinates"":[]}"
2005_10_01,2005-10-01,1.8661183470841454,"{""type"":""MultiPoint"",""coordinates"":[]}"
2005_11_01,2005-11-01,1.704708974638993,"{""type"":""MultiPoint"",""coordinates"":[]}"
2005_12_01,2005-12-01,1.679697916003586,"{""type"":""MultiPoint"",""coordinates"":[]}"
2006_01_01,2006-01-01,0.22596164708942712,"{""type"":""MultiPoint"",""coordinates"":[]}"
2006_02_01,2006-02-01,0.112237419037302,"{""type"":""MultiPoint"",""coordinates"":[]}"
2006_03_01,2006-03-01,0.8203942449210513,"{""type"":""MultiPoint"",""coordinates"":[]}"
2006_04_01,2006-04-01,1.2003380157162615,"{""type"":""MultiPoint"",""coordinates"":[]}"
2006_05_01,2006-05-01,1.6156286248447536,"{""type"":""MultiPoint"",""coordinates"":[]}"
2006_06_01,2006-06-01,1.3675568895608348,"{""type"":""MultiPoint"",""coordinates"":[]}"
2006_07_01,2006-07-01,0.7068229059853182,"{""type"":""MultiPoint"",""coordinates"":[]}"
2006_08_01,2006-08-01,-0.24033560306006152,"{""type"":""MultiPoint"",""coordinates"":[]}"
2006_09_01,2006-09-01,-0.8739218363249726,"{""type"":""MultiPoint"",""coordinates"":[]}"
2006_10_01,2006-10-01,0.1854578482766931,"{""type"":""MultiPoint"",""coordinates"":[]}"
2006_11_01,2006-11-01,0.5443917554569824,"{""type"":""MultiPoint"",""coordinates"":[]}"
2006_12_01,2006-12-01,0.688156254825081,"{""type"":""MultiPoint"",""coordinates"":[]}"
2007_01_01,2007-01-01,-0.07057097979872248,"{""type"":""MultiPoint"",""coordinates"":[]}"
2007_02_01,2007-02-01,-1.028562387665511,"{""type"":""MultiPoint"",""coordinates"":[]}"
2007_03_01,2007-03-01,-0.4260755343306681,"{""type"":""MultiPoint"",""coordinates"":[]}"
2007_04_01,2007-04-01,0.37295294923559924,"{""type"":""MultiPoint"",""coordinates"":[]}"
2007_05_01,2007-05-01,-0.504619513887484,"{""type"":""MultiPoint"",""coordinates"":[]}"
2007_06_01,2007-06-01,0.158559006566301,"{""type"":""MultiPoint"",""coordinates"":[]}"
2007_07_01,2007-07-01,0.7806655332595454,"{""type"":""MultiPoint"",""coordinates"":[]}"
2007_08_01,2007-08-01,1.4405540348294155,"{""type"":""MultiPoint"",""coordinates"":[]}"
2007_09_01,2007-09-01,1.3721271118202298,"{""type"":""MultiPoint"",""coordinates"":[]}"
2007_10_01,2007-10-01,0.7323077701336619,"{""type"":""MultiPoint"",""coordinates"":[]}"
2007_11_01,2007-11-01,-0.17660436481122524,"{""type"":""MultiPoint"",""coordinates"":[]}"
2007_12_01,2007-12-01,-0.46046405851427374,"{""type"":""MultiPoint"",""coordinates"":[]}"
2008_01_01,2008-01-01,-0.5394699765612001,"{""type"":""MultiPoint"",""coordinates"":[]}"
2008_02_01,2008-02-01,0.9679247171215213,"{""type"":""MultiPoint"",""coordinates"":[]}"
2008_03_01,2008-03-01,2.099575488771396,"{""type"":""MultiPoint"",""coordinates"":[]}"
2008_04_01,2008-04-01,1.5416304516443031,"{""type"":""MultiPoint"",""coordinates"":[]}"
2008_05_01,2008-05-01,-0.020252052982500778,"{""type"":""MultiPoint"",""coordinates"":[]}"
2008_06_01,2008-06-01,-0.5563061599007183,"{""type"":""MultiPoint"",""coordinates"":[]}"
2008_07_01,2008-07-01,0.19007732942642946,"{""type"":""MultiPoint"",""coordinates"":[]}"
2008_08_01,2008-08-01,1.4217906705948973,"{""type"":""MultiPoint"",""coordinates"":[]}"
2008_09_01,2008-09-01,1.059019650094952,"{""type"":""MultiPoint"",""coordinates"":[]}"
2008_10_01,2008-10-01,0.7794488262652247,"{""type"":""MultiPoint"",""coordinates"":[]}"
2008_11_01,2008-11-01,0.5616767153879175,"{""type"":""MultiPoint"",""coordinates"":[]}"
2008_12_01,2008-12-01,0.4516774570108403,"{""type"":""MultiPoint"",""coordinates"":[]}"
2009_01_01,2009-01-01,0.3256200326860824,"{""type"":""MultiPoint"",""coordinates"":[]}"
2009_02_01,2009-02-01,-2.250610188970956,"{""type"":""MultiPoint"",""coordinates"":[]}"
2009_03_01,2009-03-01,-1.315412564285002,"{""type"":""MultiPoint"",""coordinates"":[]}"
2009_04_01,2009-04-01,-0.6530927513010152,"{""type"":""MultiPoint"",""coordinates"":[]}"
2009_05_01,2009-05-01,0.8354767633339214,"{""type"":""MultiPoint"",""coordinates"":[]}"
2009_06_01,2009-06-01,0.6125223176035408,"{""type"":""MultiPoint"",""coordinates"":[]}"
2009_07_01,2009-07-01,-0.198655136957845,"{""type"":""MultiPoint"",""coordinates"":[]}"
2009_08_01,2009-08-01,-0.516826918335745,"{""type"":""MultiPoint"",""coordinates"":[]}"
2009_09_01,2009-09-01,0.009721299769814968,"{""type"":""MultiPoint"",""coordinates"":[]}"
2009_10_01,2009-10-01,-0.691371712055267,"{""type"":""MultiPoint"",""coordinates"":[]}"
2009_11_01,2009-11-01,-0.3444242721068786,"{""type"":""MultiPoint"",""coordinates"":[]}"
2009_12_01,2009-12-01,-0.662822914288976,"{""type"":""MultiPoint"",""coordinates"":[]}"
2010_01_01,2010-01-01,0.7326372304648369,"{""type"":""MultiPoint"",""coordinates"":[]}"
2010_02_01,2010-02-01,0.39556130616363416,"{""type"":""MultiPoint"",""coordinates"":[]}"
2010_03_01,2010-03-01,-0.47392891481828947,"{""type"":""MultiPoint"",""coordinates"":[]}"
2010_04_01,2010-04-01,0.050251682390550084,"{""type"":""MultiPoint"",""coordinates"":[]}"
2010_05_01,2010-05-01,0.7592740498293614,"{""type"":""MultiPoint"",""coordinates"":[]}"
2010_06_01,2010-06-01,1.190112401957501,"{""type"":""MultiPoint"",""coordinates"":[]}"
2010_07_01,2010-07-01,1.3461630527294868,"{""type"":""MultiPoint"",""coordinates"":[]}"
2010_08_01,2010-08-01,1.019073150988809,"{""type"":""MultiPoint"",""coordinates"":[]}"
2010_09_01,2010-09-01,1.1578011210367327,"{""type"":""MultiPoint"",""coordinates"":[]}"
2010_10_01,2010-10-01,0.7984389260169996,"{""type"":""MultiPoint"",""coordinates"":[]}"
2010_11_01,2010-11-01,1.117513716721343,"{""type"":""MultiPoint"",""coordinates"":[]}"
2010_12_01,2010-12-01,1.1251199041811342,"{""type"":""MultiPoint"",""coordinates"":[]}"
2011_01_01,2011-01-01,1.355104388047294,"{""type"":""MultiPoint"",""coordinates"":[]}"
2011_02_01,2011-02-01,1.6088782962506423,"{""type"":""MultiPoint"",""coordinates"":[]}"
2011_03_01,2011-03-01,0.5422346778644814,"{""type"":""MultiPoint"",""coordinates"":[]}"
2011_04_01,2011-04-01,1.298642494445042,"{""type"":""MultiPoint"",""coordinates"":[]}"
2011_05_01,2011-05-01,0.43696515501671424,"{""type"":""MultiPoint"",""coordinates"":[]}"
2011_06_01,2011-06-01,0.3383884226835822,"{""type"":""MultiPoint"",""coordinates"":[]}"
2011_07_01,2011-07-01,0.10357668146824232,"{""type"":""MultiPoint"",""coordinates"":[]}"
2011_08_01,2011-08-01,0.8293805914653111,"{""type"":""MultiPoint"",""coordinates"":[]}"
2011_09_01,2011-09-01,0.38398676414008875,"{""type"":""MultiPoint"",""coordinates"":[]}"
2011_10_01,2011-10-01,0.01815761106107427,"{""type"":""MultiPoint"",""coordinates"":[]}"
2011_11_01,2011-11-01,-0.6033541782599003,"{""type"":""MultiPoint"",""coordinates"":[]}"
2011_12_01,2011-12-01,-0.2661678770078819,"{""type"":""MultiPoint"",""coordinates"":[]}"
2012_01_01,2012-01-01,-0.2530134562446048,"{""type"":""MultiPoint"",""coordinates"":[]}"
2012_02_01,2012-02-01,-0.34787768975715955,"{""type"":""MultiPoint"",""coordinates"":[]}"
2012_03_01,2012-03-01,-1.0213035585885795,"{""type"":""MultiPoint"",""coordinates"":[]}"
2012_04_01,2012-04-01,-1.0893659855001414,"{""type"":""MultiPoint"",""coordinates"":[]}"
2012_05_01,2012-05-01,-0.6334858468246167,"{""type"":""MultiPoint"",""coordinates"":[]}"
2012_06_01,2012-06-01,-0.9521326715429655,"{""type"":""MultiPoint"",""coordinates"":[]}"
2012_07_01,2012-07-01,-0.6948103130369253,"{""type"":""MultiPoint"",""coordinates"":[]}"
2012_08_01,2012-08-01,-0.2658413571270388,"{""type"":""MultiPoint"",""coordinates"":[]}"
2012_09_01,2012-09-01,-0.07234705566394851,"{""type"":""MultiPoint"",""coordinates"":[]}"
2012_10_01,2012-10-01,0.009475727329704173,"{""type"":""MultiPoint"",""coordinates"":[]}"
2012_11_01,2012-11-01,0.088191175073638,"{""type"":""MultiPoint"",""coordinates"":[]}"
2012_12_01,2012-12-01,0.23445714174919896,"{""type"":""MultiPoint"",""coordinates"":[]}"
2013_01_01,2013-01-01,0.2478028608797694,"{""type"":""MultiPoint"",""coordinates"":[]}"
2013_02_01,2013-02-01,0.07722813111666013,"{""type"":""MultiPoint"",""coordinates"":[]}"
2013_03_01,2013-03-01,0.43599437679248126,"{""type"":""MultiPoint"",""coordinates"":[]}"
2013_04_01,2013-04-01,0.7100296084041676,"{""type"":""MultiPoint"",""coordinates"":[]}"
2013_05_01,2013-05-01,0.7817177212321033,"{""type"":""MultiPoint"",""coordinates"":[]}"
2013_06_01,2013-06-01,1.619574664276935,"{""type"":""MultiPoint"",""coordinates"":[]}"
2013_07_01,2013-07-01,1.7773530069643841,"{""type"":""MultiPoint"",""coordinates"":[]}"
2013_08_01,2013-08-01,1.142630081362419,"{""type"":""MultiPoint"",""coordinates"":[]}"
2013_09_01,2013-09-01,0.6992962191494595,"{""type"":""MultiPoint"",""coordinates"":[]}"
2013_10_01,2013-10-01,0.5916088337657448,"{""type"":""MultiPoint"",""coordinates"":[]}"
2013_11_01,2013-11-01,0.8613866011546775,"{""type"":""MultiPoint"",""coordinates"":[]}"
2013_12_01,2013-12-01,0.4162902802389773,"{""type"":""MultiPoint"",""coordinates"":[]}"
2014_01_01,2014-01-01,-0.04824852085339858,"{""type"":""MultiPoint"",""coordinates"":[]}"
2014_02_01,2014-02-01,-0.7620560602904655,"{""type"":""MultiPoint"",""coordinates"":[]}"
2014_03_01,2014-03-01,-0.09308774990468367,"{""type"":""MultiPoint"",""coordinates"":[]}"
2014_04_01,2014-04-01,-0.47034749397024245,"{""type"":""MultiPoint"",""coordinates"":[]}"
2014_05_01,2014-05-01,-0.4765504266472164,"{""type"":""MultiPoint"",""coordinates"":[]}"
2014_06_01,2014-06-01,0.25940593610659146,"{""type"":""MultiPoint"",""coordinates"":[]}"
2014_07_01,2014-07-01,0.28115088475972944,"{""type"":""MultiPoint"",""coordinates"":[]}"
2014_08_01,2014-08-01,0.24565709281480125,"{""type"":""MultiPoint"",""coordinates"":[]}"
2014_09_01,2014-09-01,-0.2969906734059936,"{""type"":""MultiPoint"",""coordinates"":[]}"
2014_10_01,2014-10-01,0.43341257282422885,"{""type"":""MultiPoint"",""coordinates"":[]}"
2014_11_01,2014-11-01,0.26007621685931936,"{""type"":""MultiPoint"",""coordinates"":[]}"
2014_12_01,2014-12-01,0.36610417681227037,"{""type"":""MultiPoint"",""coordinates"":[]}"
2015_01_01,2015-01-01,-0.31967596799629233,"{""type"":""MultiPoint"",""coordinates"":[]}"
2015_02_01,2015-02-01,-0.31337999576040665,"{""type"":""MultiPoint"",""coordinates"":[]}"
2015_03_01,2015-03-01,0.12402758224879488,"{""type"":""MultiPoint"",""coordinates"":[]}"
2015_04_01,2015-04-01,0.9865541483060892,"{""type"":""MultiPoint"",""coordinates"":[]}"
2015_05_01,2015-05-01,1.0325705633314188,"{""type"":""MultiPoint"",""coordinates"":[]}"
2015_06_01,2015-06-01,1.132186024393039,"{""type"":""MultiPoint"",""coordinates"":[]}"
2015_07_01,2015-07-01,-0.05034928792407599,"{""type"":""MultiPoint"",""coordinates"":[]}"
2015_08_01,2015-08-01,-0.4396427674542139,"{""type"":""MultiPoint"",""coordinates"":[]}"
2015_09_01,2015-09-01,-0.9776909564124131,"{""type"":""MultiPoint"",""coordinates"":[]}"
2015_10_01,2015-10-01,-1.2821860130511529,"{""type"":""MultiPoint"",""coordinates"":[]}"
2015_11_01,2015-11-01,0.6160307153958882,"{""type"":""MultiPoint"",""coordinates"":[]}"
2015_12_01,2015-12-01,0.9549762801186067,"{""type"":""MultiPoint"",""coordinates"":[]}"
2016_01_01,2016-01-01,1.8125933014436606,"{""type"":""MultiPoint"",""coordinates"":[]}"
2016_02_01,2016-02-01,-0.06134882971426112,"{""type"":""MultiPoint"",""coordinates"":[]}"
2016_03_01,2016-03-01,-1.026436199706246,"{""type"":""MultiPoint"",""coordinates"":[]}"
2016_04_01,2016-04-01,-1.912757289161476,"{""type"":""MultiPoint"",""coordinates"":[]}"
2016_05_01,2016-05-01,0.8944828224439482,"{""type"":""MultiPoint"",""coordinates"":[]}"
2016_06_01,2016-06-01,1.748636809742809,"{""type"":""MultiPoint"",""coordinates"":[]}"
2016_07_01,2016-07-01,2.0177892399643054,"{""type"":""MultiPoint"",""coordinates"":[]}"
2016_08_01,2016-08-01,0.4077487666283375,"{""type"":""MultiPoint"",""coordinates"":[]}"
2016_09_01,2016-09-01,0.11123339423971537,"{""type"":""MultiPoint"",""coordinates"":[]}"
2016_10_01,2016-10-01,-1.3413531024270362,"{""type"":""MultiPoint"",""coordinates"":[]}"
2016_11_01,2016-11-01,-1.5729050806787446,"{""type"":""MultiPoint"",""coordinates"":[]}"
2016_12_01,2016-12-01,-1.689020716050265,"{""type"":""MultiPoint"",""coordinates"":[]}"
2017_01_01,2017-01-01,-0.5657831196635157,"{""type"":""MultiPoint"",""coordinates"":[]}"
2017_02_01,2017-02-01,0.992151714763737,"{""type"":""MultiPoint"",""coordinates"":[]}"
2017_03_01,2017-03-01,-0.503487297200936,"{""type"":""MultiPoint"",""coordinates"":[]}"
2017_04_01,2017-04-01,-1.0955399168208644,"{""type"":""MultiPoint"",""coordinates"":[]}"
2017_05_01,2017-05-01,-0.1885320111511759,"{""type"":""MultiPoint"",""coordinates"":[]}"
2017_06_01,2017-06-01,0.06909031870594691,"{""type"":""MultiPoint"",""coordinates"":[]}"
2017_07_01,2017-07-01,0.35735454452859566,"{""type"":""MultiPoint"",""coordinates"":[]}"
2017_08_01,2017-08-01,1.090865870439372,"{""type"":""MultiPoint"",""coordinates"":[]}"
2017_09_01,2017-09-01,1.2379904085154156,"{""type"":""MultiPoint"",""coordinates"":[]}"
2017_10_01,2017-10-01,1.7661604556838824,"{""type"":""MultiPoint"",""coordinates"":[]}"
2017_11_01,2017-11-01,0.9896368826800526,"{""type"":""MultiPoint"",""coordinates"":[]}"
2017_12_01,2017-12-01,0.48692462079186755,"{""type"":""MultiPoint"",""coordinates"":[]}"
2018_01_01,2018-01-01,-0.7161585269244525,"{""type"":""MultiPoint"",""coordinates"":[]}"
2018_02_01,2018-02-01,-0.9000533359181266,"{""type"":""MultiPoint"",""coordinates"":[]}"
2018_03_01,2018-03-01,0.006886098352917916,"{""type"":""MultiPoint"",""coordinates"":[]}"
2018_04_01,2018-04-01,-0.053921955899725385,"{""type"":""MultiPoint"",""coordinates"":[]}"
2018_05_01,2018-05-01,0.2456166604239387,"{""type"":""MultiPoint"",""coordinates"":[]}"
2018_06_01,2018-06-01,0.2507329326145977,"{""type"":""MultiPoint"",""coordinates"":[]}"
2018_07_01,2018-07-01,0.18217987212752415,"{""type"":""MultiPoint"",""coordinates"":[]}"
2018_08_01,2018-08-01,0.19386761584846945,"{""type"":""MultiPoint"",""coordinates"":[]}"
2018_09_01,2018-09-01,-0.147565153013102,"{""type"":""MultiPoint"",""coordinates"":[]}"
2018_10_01,2018-10-01,-0.47320122365411105,"{""type"":""MultiPoint"",""coordinates"":[]}"
2018_11_01,2018-11-01,-1.061577842799902,"{""type"":""MultiPoint"",""coordinates"":[]}"
2018_12_01,2018-12-01,-0.6370733928110568,"{""type"":""MultiPoint"",""coordinates"":[]}"
2019_01_01,2019-01-01,-0.3495239757357557,"{""type"":""MultiPoint"",""coordinates"":[]}"
2019_02_01,2019-02-01,0.9174007263275851,"{""type"":""MultiPoint"",""coordinates"":[]}"
2019_03_01,2019-03-01,-1.20394093887385,"{""type"":""MultiPoint"",""coordinates"":[]}"
2019_04_01,2019-04-01,-1.3426229975824642,"{""type"":""MultiPoint"",""coordinates"":[]}"
2019_05_01,2019-05-01,-1.1027568485429866,"{""type"":""MultiPoint"",""coordinates"":[]}"
2019_06_01,2019-06-01,-1.0900806950989739,"{""type"":""MultiPoint"",""coordinates"":[]}"
2019_07_01,2019-07-01,-0.33985535347792584,"{""type"":""MultiPoint"",""coordinates"":[]}"
2019_08_01,2019-08-01,-0.4097578749003187,"{""type"":""MultiPoint"",""coordinates"":[]}"
2019_09_01,2019-09-01,0.32356755613545407,"{""type"":""MultiPoint"",""coordinates"":[]}"
2019_10_01,2019-10-01,0.6932239032701611,"{""type"":""MultiPoint"",""coordinates"":[]}"
2019_11_01,2019-11-01,0.5363446596030464,"{""type"":""MultiPoint"",""coordinates"":[]}"
2019_12_01,2019-12-01,0.32849273028149456,"{""type"":""MultiPoint"",""coordinates"":[]}"
2020_01_01,2020-01-01,-0.4635039960179959,"{""type"":""MultiPoint"",""coordinates"":[]}"
2020_02_01,2020-02-01,0.11576561766059792,"{""type"":""MultiPoint"",""coordinates"":[]}"
2020_03_01,2020-03-01,-0.716444720625418,"{""type"":""MultiPoint"",""coordinates"":[]}"
2020_04_01,2020-04-01,1.1131854490675004,"{""type"":""MultiPoint"",""coordinates"":[]}"
2020_05_01,2020-05-01,0.5016589581021433,"{""type"":""MultiPoint"",""coordinates"":[]}"
2020_06_01,2020-06-01,0.6743939564424749,"{""type"":""MultiPoint"",""coordinates"":[]}"
2020_07_01,2020-07-01,-0.08972327005327806,"{""type"":""MultiPoint"",""coordinates"":[]}"
2020_08_01,2020-08-01,0.15552686980682082,"{""type"":""MultiPoint"",""coordinates"":[]}"
2020_09_01,2020-09-01,0.6295229886689366,"{""type"":""MultiPoint"",""coordinates"":[]}"
2020_10_01,2020-10-01,0.7007950728869752,"{""type"":""MultiPoint"",""coordinates"":[]}"
2020_11_01,2020-11-01,0.983176006522653,"{""type"":""MultiPoint"",""coordinates"":[]}"
2020_12_01,2020-12-01,0.594197051127139,"{""type"":""MultiPoint"",""coordinates"":[]}"
2021_01_01,2021-01-01,0.6345922478066103,"{""type"":""MultiPoint"",""coordinates"":[]}"
2021_02_01,2021-02-01,0.5328474927667756,"{""type"":""MultiPoint"",""coordinates"":[]}"
2021_03_01,2021-03-01,0.19553957927437846,"{""type"":""MultiPoint"",""coordinates"":[]}"
2021_04_01,2021-04-01,0.9941664672440166,"{""type"":""MultiPoint"",""coordinates"":[]}"
2021_05_01,2021-05-01,0.9574950948851608,"{""type"":""MultiPoint"",""coordinates"":[]}"
2021_06_01,2021-06-01,1.3217112007927878,"{""type"":""MultiPoint"",""coordinates"":[]}"
2021_07_01,2021-07-01,1.4490422744795095,"{""type"":""MultiPoint"",""coordinates"":[]}"
2021_08_01,2021-08-01,0.915217069404899,"{""type"":""MultiPoint"",""coordinates"":[]}"
2021_09_01,2021-09-01,0.6348717437400759,"{""type"":""MultiPoint"",""coordinates"":[]}"
2021_10_01,2021-10-01,0.6206277624496425,"{""type"":""MultiPoint"",""coordinates"":[]}"
2021_11_01,2021-11-01,1.8014646988238565,"{""type"":""MultiPoint"",""coordinates"":[]}"
2021_12_01,2021-12-01,1.8013390219937682,"{""type"":""MultiPoint"",""coordinates"":[]}"
2022_01_01,2022-01-01,1.7442088421253217,"{""type"":""MultiPoint"",""coordinates"":[]}"
2022_02_01,2022-02-01,-0.037640617136414825,"{""type"":""MultiPoint"",""coordinates"":[]}"
2022_03_01,2022-03-01,0.23009573659481178,"{""type"":""MultiPoint"",""coordinates"":[]}"
2022_04_01,2022-04-01,0.1405912626246759,"{""type"":""MultiPoint"",""coordinates"":[]}"
2022_05_01,2022-05-01,1.2249194701979873,"{""type"":""MultiPoint"",""coordinates"":[]}"
2022_06_01,2022-06-01,1.9015394846291935,"{""type"":""MultiPoint"",""coordinates"":[]}"
2022_07_01,2022-07-01,2.060814060242064,"{""type"":""MultiPoint"",""coordinates"":[]}"
2022_08_01,2022-08-01,1.7281602128432545,"{""type"":""MultiPoint"",""coordinates"":[]}"
2022_09_01,2022-09-01,1.077506036232689,"{""type"":""MultiPoint"",""coordinates"":[]}"
2022_10_01,2022-10-01,1.2750235338255178,"{""type"":""MultiPoint"",""coordinates"":[]}"
2022_11_01,2022-11-01,0.7838497213795265,"{""type"":""MultiPoint"",""coordinates"":[]}"
2022_12_01,2022-12-01,1.2793094225819515,"{""type"":""MultiPoint"",""coordinates"":[]}"
