system:index,date,soil_moisture_layer1,temperature_2m_K,.geo
200101,2001-01-01,0.16076333037859503,296.3211228857411,"{""type"":""MultiPoint"",""coordinates"":[]}"
200102,2001-02-01,0.14754483272398844,299.75636353784233,"{""type"":""MultiPoint"",""coordinates"":[]}"
200103,2001-03-01,0.14804193567189486,302.6057303945713,"{""type"":""MultiPoint"",""coordinates"":[]}"
200104,2001-04-01,0.22244309074616522,302.68159621879425,"{""type"":""MultiPoint"",""coordinates"":[]}"
200105,2001-05-01,0.15571090774177407,305.73266596999065,"{""type"":""MultiPoint"",""coordinates"":[]}"
200106,2001-06-01,0.18341138847095012,303.02053637145923,"{""type"":""MultiPoint"",""coordinates"":[]}"
200107,2001-07-01,0.19225477121909829,302.0826160463838,"{""type"":""MultiPoint"",""coordinates"":[]}"
200108,2001-08-01,0.22696095569839975,301.0508096537872,"{""type"":""MultiPoint"",""coordinates"":[]}"
200109,2001-09-01,0.28000082827961353,300.9505501946471,"{""type"":""MultiPoint"",""coordinates"":[]}"
200110,2001-10-01,0.39742911574455775,298.35294393210376,"{""type"":""MultiPoint"",""coordinates"":[]}"
200111,2001-11-01,0.32973523901056945,297.02423664336817,"{""type"":""MultiPoint"",""coordinates"":[]}"
200112,2001-12-01,0.24833704135067763,295.0233252049104,"{""type"":""MultiPoint"",""coordinates"":[]}"
200201,2002-01-01,0.2211392943033066,296.0136257511994,"{""type"":""MultiPoint"",""coordinates"":[]}"
200202,2002-02-01,0.16192064294553457,297.49067995556123,"{""type"":""MultiPoint"",""coordinates"":[]}"
200203,2002-03-01,0.14797309370995748,301.83965376254747,"{""type"":""MultiPoint"",""coordinates"":[]}"
200204,2002-04-01,0.15282638386596054,304.4901853043879,"{""type"":""MultiPoint"",""coordinates"":[]}"
200205,2002-05-01,0.17305226703123716,305.16628322365585,"{""type"":""MultiPoint"",""coordinates"":[]}"
200206,2002-06-01,0.2722890195828354,302.005682501817,"{""type"":""MultiPoint"",""coordinates"":[]}"
200207,2002-07-01,0.17374818492400199,302.57054713419797,"{""type"":""MultiPoint"",""coordinates"":[]}"
200208,2002-08-01,0.251555013599393,300.76926728268324,"{""type"":""MultiPoint"",""coordinates"":[]}"
200209,2002-09-01,0.20080592808998274,301.9594677375958,"{""type"":""MultiPoint"",""coordinates"":[]}"
200210,2002-10-01,0.3067411153657173,299.3933006009251,"{""type"":""MultiPoint"",""coordinates"":[]}"
200211,2002-11-01,0.31318153564489154,296.6786183145954,"{""type"":""MultiPoint"",""coordinates"":[]}"
200212,2002-12-01,0.17035179929056118,295.872435266941,"{""type"":""MultiPoint"",""coordinates"":[]}"
200301,2003-01-01,0.152474367695698,296.47533933560277,"{""type"":""MultiPoint"",""coordinates"":[]}"
200302,2003-02-01,0.1495369440314664,299.37262018951986,"{""type"":""MultiPoint"",""coordinates"":[]}"
200303,2003-03-01,0.1659693444672642,301.90965517077456,"{""type"":""MultiPoint"",""coordinates"":[]}"
200304,2003-04-01,0.1521814424682955,304.94260879200135,"{""type"":""MultiPoint"",""coordinates"":[]}"
200305,2003-05-01,0.14855179447581954,306.80473729945567,"{""type"":""MultiPoint"",""coordinates"":[]}"
200306,2003-06-01,0.18582515010323755,304.34853077294724,"{""type"":""MultiPoint"",""coordinates"":[]}"
200307,2003-07-01,0.24767111868388153,301.5389291644592,"{""type"":""MultiPoint"",""coordinates"":[]}"
200308,2003-08-01,0.2848232911602182,301.0360520664396,"{""type"":""MultiPoint"",""coordinates"":[]}"
200309,2003-09-01,0.24504262243660674,301.3903255671245,"{""type"":""MultiPoint"",""coordinates"":[]}"
200310,2003-10-01,0.29925135076278486,299.6715258468346,"{""type"":""MultiPoint"",""coordinates"":[]}"
200311,2003-11-01,0.21196622495756393,297.7239793797239,"{""type"":""MultiPoint"",""coordinates"":[]}"
200312,2003-12-01,0.17472407494281933,296.5116129199461,"{""type"":""MultiPoint"",""coordinates"":[]}"
200401,2004-01-01,0.1669406087810534,296.35736219503025,"{""type"":""MultiPoint"",""coordinates"":[]}"
200402,2004-02-01,0.15765923832229467,298.7665961928186,"{""type"":""MultiPoint"",""coordinates"":[]}"
200403,2004-03-01,0.15156315864189565,302.580192580417,"{""type"":""MultiPoint"",""coordinates"":[]}"
200404,2004-04-01,0.17800984444575854,305.28906836748774,"{""type"":""MultiPoint"",""coordinates"":[]}"
200405,2004-05-01,0.2849827116863971,302.02626760403996,"{""type"":""MultiPoint"",""coordinates"":[]}"
200406,2004-06-01,0.22757939961933588,302.38720918473973,"{""type"":""MultiPoint"",""coordinates"":[]}"
200407,2004-07-01,0.2868025716228467,300.8646032700253,"{""type"":""MultiPoint"",""coordinates"":[]}"
200408,2004-08-01,0.21650121014490267,301.6011933530004,"{""type"":""MultiPoint"",""coordinates"":[]}"
200409,2004-09-01,0.2975658593282369,299.9869566137587,"{""type"":""MultiPoint"",""coordinates"":[]}"
200410,2004-10-01,0.3043991203671141,298.69526107213824,"{""type"":""MultiPoint"",""coordinates"":[]}"
200411,2004-11-01,0.2878140143897364,296.7940586748371,"{""type"":""MultiPoint"",""coordinates"":[]}"
200412,2004-12-01,0.1614914501883146,296.11943435782746,"{""type"":""MultiPoint"",""coordinates"":[]}"
200501,2005-01-01,0.14956668148003538,297.5302896864379,"{""type"":""MultiPoint"",""coordinates"":[]}"
200502,2005-02-01,0.16355877502239963,299.71132370003767,"{""type"":""MultiPoint"",""coordinates"":[]}"
200503,2005-03-01,0.1562499283530406,302.5714419584635,"{""type"":""MultiPoint"",""coordinates"":[]}"
200504,2005-04-01,0.16914824772579137,304.233979097292,"{""type"":""MultiPoint"",""coordinates"":[]}"
200505,2005-05-01,0.1827630827670483,305.74782772449663,"{""type"":""MultiPoint"",""coordinates"":[]}"
200506,2005-06-01,0.21544630877533139,303.6082926253918,"{""type"":""MultiPoint"",""coordinates"":[]}"
200507,2005-07-01,0.27938456565649294,301.227158542363,"{""type"":""MultiPoint"",""coordinates"":[]}"
200508,2005-08-01,0.22383446011386157,301.12004970467365,"{""type"":""MultiPoint"",""coordinates"":[]}"
200509,2005-09-01,0.30312415206030774,300.39542485056404,"{""type"":""MultiPoint"",""coordinates"":[]}"
200510,2005-10-01,0.37023331844553964,298.65305861461894,"{""type"":""MultiPoint"",""coordinates"":[]}"
200511,2005-11-01,0.3755697111078342,295.93949638106795,"{""type"":""MultiPoint"",""coordinates"":[]}"
200512,2005-12-01,0.3052657331775815,295.3818238095729,"{""type"":""MultiPoint"",""coordinates"":[]}"
200601,2006-01-01,0.18476730078524964,295.65945015756796,"{""type"":""MultiPoint"",""coordinates"":[]}"
200602,2006-02-01,0.15093091561266098,297.8055085311345,"{""type"":""MultiPoint"",""coordinates"":[]}"
200603,2006-03-01,0.18840586832845724,301.35960042704835,"{""type"":""MultiPoint"",""coordinates"":[]}"
200604,2006-04-01,0.17537742833732728,304.4614860157856,"{""type"":""MultiPoint"",""coordinates"":[]}"
200605,2006-05-01,0.1908670598614613,304.9378774760185,"{""type"":""MultiPoint"",""coordinates"":[]}"
200606,2006-06-01,0.26552642987857816,302.17640682404,"{""type"":""MultiPoint"",""coordinates"":[]}"
200607,2006-07-01,0.20672945073213234,301.93241465908113,"{""type"":""MultiPoint"",""coordinates"":[]}"
200608,2006-08-01,0.20668952247631106,301.834415854128,"{""type"":""MultiPoint"",""coordinates"":[]}"
200609,2006-09-01,0.2719589186558792,301.21117218983414,"{""type"":""MultiPoint"",""coordinates"":[]}"
200610,2006-10-01,0.24705422698103327,300.1580552255925,"{""type"":""MultiPoint"",""coordinates"":[]}"
200611,2006-11-01,0.35120732482756967,297.05520650743676,"{""type"":""MultiPoint"",""coordinates"":[]}"
200612,2006-12-01,0.22206976290208813,295.6506054945534,"{""type"":""MultiPoint"",""coordinates"":[]}"
200701,2007-01-01,0.1560260375974798,296.29962567250266,"{""type"":""MultiPoint"",""coordinates"":[]}"
200702,2007-02-01,0.15139996813785953,298.5882341294706,"{""type"":""MultiPoint"",""coordinates"":[]}"
200703,2007-03-01,0.1474152762910048,302.3181531301913,"{""type"":""MultiPoint"",""coordinates"":[]}"
200704,2007-04-01,0.16827882286068843,304.11207105902207,"{""type"":""MultiPoint"",""coordinates"":[]}"
200705,2007-05-01,0.18470893949952844,305.49400072993825,"{""type"":""MultiPoint"",""coordinates"":[]}"
200706,2007-06-01,0.31476388645587267,301.61787014058115,"{""type"":""MultiPoint"",""coordinates"":[]}"
200707,2007-07-01,0.3047850197161585,300.9326809770082,"{""type"":""MultiPoint"",""coordinates"":[]}"
200708,2007-08-01,0.3340601325256099,300.0099442836233,"{""type"":""MultiPoint"",""coordinates"":[]}"
200709,2007-09-01,0.3759212062877444,299.5641842311209,"{""type"":""MultiPoint"",""coordinates"":[]}"
200710,2007-10-01,0.3062253524096413,299.3734533443208,"{""type"":""MultiPoint"",""coordinates"":[]}"
200711,2007-11-01,0.29428181128323166,297.14488116145293,"{""type"":""MultiPoint"",""coordinates"":[]}"
200712,2007-12-01,0.24402172908739633,296.50913247738146,"{""type"":""MultiPoint"",""coordinates"":[]}"
200801,2008-01-01,0.17277546485649434,296.6137309894836,"{""type"":""MultiPoint"",""coordinates"":[]}"
200802,2008-02-01,0.2018281199209825,298.93063846590877,"{""type"":""MultiPoint"",""coordinates"":[]}"
200803,2008-03-01,0.24247131535510802,299.8983033223913,"{""type"":""MultiPoint"",""coordinates"":[]}"
200804,2008-04-01,0.19141052917787243,304.0955101201876,"{""type"":""MultiPoint"",""coordinates"":[]}"
200805,2008-05-01,0.18021933113315933,305.61059075575434,"{""type"":""MultiPoint"",""coordinates"":[]}"
200806,2008-06-01,0.20176245965754505,303.13440407626575,"{""type"":""MultiPoint"",""coordinates"":[]}"
200807,2008-07-01,0.24034169613692014,302.17726042843714,"{""type"":""MultiPoint"",""coordinates"":[]}"
200808,2008-08-01,0.35922046028881693,299.6410546616763,"{""type"":""MultiPoint"",""coordinates"":[]}"
200809,2008-09-01,0.3084034518920266,300.2554166948729,"{""type"":""MultiPoint"",""coordinates"":[]}"
200810,2008-10-01,0.30676176145657374,299.34817576402867,"{""type"":""MultiPoint"",""coordinates"":[]}"
200811,2008-11-01,0.2946272018074663,297.64009181679944,"{""type"":""MultiPoint"",""coordinates"":[]}"
200812,2008-12-01,0.2844921991710889,295.5083653208177,"{""type"":""MultiPoint"",""coordinates"":[]}"
200901,2009-01-01,0.17045171801479586,295.9292985186056,"{""type"":""MultiPoint"",""coordinates"":[]}"
200902,2009-02-01,0.14851343597155575,299.6389176954144,"{""type"":""MultiPoint"",""coordinates"":[]}"
200903,2009-03-01,0.15216896636033242,302.0602974754153,"{""type"":""MultiPoint"",""coordinates"":[]}"
200904,2009-04-01,0.1490131472920485,305.23476597429146,"{""type"":""MultiPoint"",""coordinates"":[]}"
200905,2009-05-01,0.20699866379359907,305.37217431560657,"{""type"":""MultiPoint"",""coordinates"":[]}"
200906,2009-06-01,0.23189202732339764,303.10490783724197,"{""type"":""MultiPoint"",""coordinates"":[]}"
200907,2009-07-01,0.21021027355646374,301.95238855756565,"{""type"":""MultiPoint"",""coordinates"":[]}"
200908,2009-08-01,0.24070661141532246,301.87557985939833,"{""type"":""MultiPoint"",""coordinates"":[]}"
200909,2009-09-01,0.34382041862579016,300.23894995947654,"{""type"":""MultiPoint"",""coordinates"":[]}"
200910,2009-10-01,0.2782575773480496,300.26258952747196,"{""type"":""MultiPoint"",""coordinates"":[]}"
200911,2009-11-01,0.34969230884004077,297.65363576978575,"{""type"":""MultiPoint"",""coordinates"":[]}"
200912,2009-12-01,0.2837117196068541,296.09120979636685,"{""type"":""MultiPoint"",""coordinates"":[]}"
201001,2010-01-01,0.18285898399930195,297.0695095047835,"{""type"":""MultiPoint"",""coordinates"":[]}"
201002,2010-02-01,0.15110691745000399,299.52627982988906,"{""type"":""MultiPoint"",""coordinates"":[]}"
201003,2010-03-01,0.14825711247827397,303.4931485642146,"{""type"":""MultiPoint"",""coordinates"":[]}"
201004,2010-04-01,0.15243517257608066,306.35839444816344,"{""type"":""MultiPoint"",""coordinates"":[]}"
201005,2010-05-01,0.19595584244833616,306.11990490897324,"{""type"":""MultiPoint"",""coordinates"":[]}"
201006,2010-06-01,0.29874670297649425,302.7783428470989,"{""type"":""MultiPoint"",""coordinates"":[]}"
201007,2010-07-01,0.36554428810207745,300.24691540180856,"{""type"":""MultiPoint"",""coordinates"":[]}"
201008,2010-08-01,0.3487410238536057,300.2647526578368,"{""type"":""MultiPoint"",""coordinates"":[]}"
201009,2010-09-01,0.3500756860619168,299.91216976861864,"{""type"":""MultiPoint"",""coordinates"":[]}"
201010,2010-10-01,0.30070633872991404,300.04781023278525,"{""type"":""MultiPoint"",""coordinates"":[]}"
201011,2010-11-01,0.38083061277772223,297.39107701881454,"{""type"":""MultiPoint"",""coordinates"":[]}"
201012,2010-12-01,0.3236578649402597,295.3630063185217,"{""type"":""MultiPoint"",""coordinates"":[]}"
201101,2011-01-01,0.18487190296565892,296.12036814421634,"{""type"":""MultiPoint"",""coordinates"":[]}"
201102,2011-02-01,0.15792244577182482,298.0703827926296,"{""type"":""MultiPoint"",""coordinates"":[]}"
201103,2011-03-01,0.14972198851157856,301.5344135937063,"{""type"":""MultiPoint"",""coordinates"":[]}"
201104,2011-04-01,0.17191271225581903,303.550466399695,"{""type"":""MultiPoint"",""coordinates"":[]}"
201105,2011-05-01,0.17970369604923483,305.9358331543006,"{""type"":""MultiPoint"",""coordinates"":[]}"
201106,2011-06-01,0.2126350956133126,303.1249107752764,"{""type"":""MultiPoint"",""coordinates"":[]}"
201107,2011-07-01,0.27093115268081336,301.3360073734965,"{""type"":""MultiPoint"",""coordinates"":[]}"
201108,2011-08-01,0.34050907173054673,300.20108538420203,"{""type"":""MultiPoint"",""coordinates"":[]}"
201109,2011-09-01,0.24445173751355279,301.70198088249776,"{""type"":""MultiPoint"",""coordinates"":[]}"
201110,2011-10-01,0.2724084544315504,300.3409007686316,"{""type"":""MultiPoint"",""coordinates"":[]}"
201111,2011-11-01,0.26587168248353027,297.5025449043631,"{""type"":""MultiPoint"",""coordinates"":[]}"
201112,2011-12-01,0.19121167615536636,296.76562786565785,"{""type"":""MultiPoint"",""coordinates"":[]}"
201201,2012-01-01,0.1801873166049955,296.62305744088997,"{""type"":""MultiPoint"",""coordinates"":[]}"
201202,2012-02-01,0.14802912823946268,299.0193093490431,"{""type"":""MultiPoint"",""coordinates"":[]}"
201203,2012-03-01,0.14836704116312635,302.78277323923385,"{""type"":""MultiPoint"",""coordinates"":[]}"
201204,2012-04-01,0.15776748678770305,304.70242798794663,"{""type"":""MultiPoint"",""coordinates"":[]}"
201205,2012-05-01,0.1742112096642722,306.22100089085524,"{""type"":""MultiPoint"",""coordinates"":[]}"
201206,2012-06-01,0.19602527608651293,303.89963321764617,"{""type"":""MultiPoint"",""coordinates"":[]}"
201207,2012-07-01,0.25774900360235475,301.7929102225007,"{""type"":""MultiPoint"",""coordinates"":[]}"
201208,2012-08-01,0.237462655671003,301.5730062048654,"{""type"":""MultiPoint"",""coordinates"":[]}"
201209,2012-09-01,0.24095794054105055,301.7309395485514,"{""type"":""MultiPoint"",""coordinates"":[]}"
201210,2012-10-01,0.2693248397045647,299.7886667624163,"{""type"":""MultiPoint"",""coordinates"":[]}"
201211,2012-11-01,0.28120059130763747,297.94865944598496,"{""type"":""MultiPoint"",""coordinates"":[]}"
201212,2012-12-01,0.2307096984763835,296.4720239807073,"{""type"":""MultiPoint"",""coordinates"":[]}"
201301,2013-01-01,0.16303967544600861,297.3113165490608,"{""type"":""MultiPoint"",""coordinates"":[]}"
201302,2013-02-01,0.18142638860596175,298.6470052883588,"{""type"":""MultiPoint"",""coordinates"":[]}"
201303,2013-03-01,0.150583139840387,302.26897361615863,"{""type"":""MultiPoint"",""coordinates"":[]}"
201304,2013-04-01,0.1558244748399014,305.2066924593462,"{""type"":""MultiPoint"",""coordinates"":[]}"
201305,2013-05-01,0.16629482196426615,306.3547554762183,"{""type"":""MultiPoint"",""coordinates"":[]}"
201306,2013-06-01,0.23632702887304657,302.21660990189787,"{""type"":""MultiPoint"",""coordinates"":[]}"
201307,2013-07-01,0.32996170347556936,299.5613705162796,"{""type"":""MultiPoint"",""coordinates"":[]}"
201308,2013-08-01,0.29368119458225106,300.19338665017943,"{""type"":""MultiPoint"",""coordinates"":[]}"
201309,2013-09-01,0.35610253252349444,299.6995154776586,"{""type"":""MultiPoint"",""coordinates"":[]}"
201310,2013-10-01,0.3311043190301153,299.37239286529723,"{""type"":""MultiPoint"",""coordinates"":[]}"
201311,2013-11-01,0.300586528931567,297.2997746366786,"{""type"":""MultiPoint"",""coordinates"":[]}"
201312,2013-12-01,0.19479654401391944,296.2564728423983,"{""type"":""MultiPoint"",""coordinates"":[]}"
201401,2014-01-01,0.1529119125583939,296.52018052658906,"{""type"":""MultiPoint"",""coordinates"":[]}"
201402,2014-02-01,0.15221287629569968,298.5890156592528,"{""type"":""MultiPoint"",""coordinates"":[]}"
201403,2014-03-01,0.15286748889107082,301.5243635421295,"{""type"":""MultiPoint"",""coordinates"":[]}"
201404,2014-04-01,0.14865494829992276,305.13096696457603,"{""type"":""MultiPoint"",""coordinates"":[]}"
201405,2014-05-01,0.1939968057462616,305.2875778385418,"{""type"":""MultiPoint"",""coordinates"":[]}"
201406,2014-06-01,0.21096249993722055,304.40574487485185,"{""type"":""MultiPoint"",""coordinates"":[]}"
201407,2014-07-01,0.23399851066516583,301.6586117036025,"{""type"":""MultiPoint"",""coordinates"":[]}"
201408,2014-08-01,0.25365121184783784,301.4172816286099,"{""type"":""MultiPoint"",""coordinates"":[]}"
201409,2014-09-01,0.3080527411285266,300.4347511668422,"{""type"":""MultiPoint"",""coordinates"":[]}"
201410,2014-10-01,0.2674254474177569,300.27790370442426,"{""type"":""MultiPoint"",""coordinates"":[]}"
201411,2014-11-01,0.2611951265468798,297.8121710038625,"{""type"":""MultiPoint"",""coordinates"":[]}"
201412,2014-12-01,0.24996729996808156,296.27972742385356,"{""type"":""MultiPoint"",""coordinates"":[]}"
201501,2015-01-01,0.1735644867602946,296.9105588619905,"{""type"":""MultiPoint"",""coordinates"":[]}"
201502,2015-02-01,0.14815463388392933,298.4606669927563,"{""type"":""MultiPoint"",""coordinates"":[]}"
201503,2015-03-01,0.16345460740390572,301.992254031802,"{""type"":""MultiPoint"",""coordinates"":[]}"
201504,2015-04-01,0.21054678988975006,303.5125143195051,"{""type"":""MultiPoint"",""coordinates"":[]}"
201505,2015-05-01,0.184809154760719,305.63612600474954,"{""type"":""MultiPoint"",""coordinates"":[]}"
201506,2015-06-01,0.283865846707042,302.2182009618498,"{""type"":""MultiPoint"",""coordinates"":[]}"
201507,2015-07-01,0.1998665824378856,303.0125193195304,"{""type"":""MultiPoint"",""coordinates"":[]}"
201508,2015-08-01,0.272503760086137,301.57165757081407,"{""type"":""MultiPoint"",""coordinates"":[]}"
201509,2015-09-01,0.29227281546219114,301.0184168136938,"{""type"":""MultiPoint"",""coordinates"":[]}"
201510,2015-10-01,0.28136972665320636,300.3909219969569,"{""type"":""MultiPoint"",""coordinates"":[]}"
201511,2015-11-01,0.36838438361496395,297.11153129345104,"{""type"":""MultiPoint"",""coordinates"":[]}"
201512,2015-12-01,0.28967483245032555,296.2642290770165,"{""type"":""MultiPoint"",""coordinates"":[]}"
201601,2016-01-01,0.18214626327135172,296.7458153756224,"{""type"":""MultiPoint"",""coordinates"":[]}"
201602,2016-02-01,0.15150059439938673,299.79905066659,"{""type"":""MultiPoint"",""coordinates"":[]}"
201603,2016-03-01,0.1489167485342372,303.0367036267023,"{""type"":""MultiPoint"",""coordinates"":[]}"
201604,2016-04-01,0.1472234747587572,306.32082371096,"{""type"":""MultiPoint"",""coordinates"":[]}"
201605,2016-05-01,0.19953637599949497,305.38165886895587,"{""type"":""MultiPoint"",""coordinates"":[]}"
201606,2016-06-01,0.293715374203145,301.55915730821243,"{""type"":""MultiPoint"",""coordinates"":[]}"
201607,2016-07-01,0.3151096790073312,300.842236647576,"{""type"":""MultiPoint"",""coordinates"":[]}"
201608,2016-08-01,0.2306547715052536,301.79434804965433,"{""type"":""MultiPoint"",""coordinates"":[]}"
201609,2016-09-01,0.27537099285152167,300.6105133898771,"{""type"":""MultiPoint"",""coordinates"":[]}"
201610,2016-10-01,0.1805239212421352,302.1644103124324,"{""type"":""MultiPoint"",""coordinates"":[]}"
201611,2016-11-01,0.17403278033108896,299.61808311191203,"{""type"":""MultiPoint"",""coordinates"":[]}"
201612,2016-12-01,0.24633610429630123,296.9326129009712,"{""type"":""MultiPoint"",""coordinates"":[]}"
201701,2017-01-01,0.16144628257282073,297.4111638704684,"{""type"":""MultiPoint"",""coordinates"":[]}"
201702,2017-02-01,0.1519252665358834,299.41672727654213,"{""type"":""MultiPoint"",""coordinates"":[]}"
201703,2017-03-01,0.1528426114947108,303.4635587761843,"{""type"":""MultiPoint"",""coordinates"":[]}"
201704,2017-04-01,0.1490493401491114,306.9029839453333,"{""type"":""MultiPoint"",""coordinates"":[]}"
201705,2017-05-01,0.17542734221186473,306.5449896492073,"{""type"":""MultiPoint"",""coordinates"":[]}"
201706,2017-06-01,0.2634586331419314,302.6394634378916,"{""type"":""MultiPoint"",""coordinates"":[]}"
201707,2017-07-01,0.22495031010873698,302.3847498367022,"{""type"":""MultiPoint"",""coordinates"":[]}"
201708,2017-08-01,0.3109687598839939,300.9504277704037,"{""type"":""MultiPoint"",""coordinates"":[]}"
201709,2017-09-01,0.3663023361946057,300.24914189010764,"{""type"":""MultiPoint"",""coordinates"":[]}"
201710,2017-10-01,0.36626009188371045,299.36430524704923,"{""type"":""MultiPoint"",""coordinates"":[]}"
201711,2017-11-01,0.25611348740193673,298.6198590821672,"{""type"":""MultiPoint"",""coordinates"":[]}"
201712,2017-12-01,0.18011774012246898,297.2267249752152,"{""type"":""MultiPoint"",""coordinates"":[]}"
201801,2018-01-01,0.14998928162515307,297.6143536951312,"{""type"":""MultiPoint"",""coordinates"":[]}"
201802,2018-02-01,0.14934762511868596,299.05479425090243,"{""type"":""MultiPoint"",""coordinates"":[]}"
201803,2018-03-01,0.17563010882650573,302.49684435321296,"{""type"":""MultiPoint"",""coordinates"":[]}"
201804,2018-04-01,0.15371269409477653,305.22393666931396,"{""type"":""MultiPoint"",""coordinates"":[]}"
201805,2018-05-01,0.17961432032071886,305.8070294515835,"{""type"":""MultiPoint"",""coordinates"":[]}"
201806,2018-06-01,0.2657664620543498,302.4168989208391,"{""type"":""MultiPoint"",""coordinates"":[]}"
201807,2018-07-01,0.24568137539705032,301.59455699509925,"{""type"":""MultiPoint"",""coordinates"":[]}"
201808,2018-08-01,0.2378672053412251,300.92204569478395,"{""type"":""MultiPoint"",""coordinates"":[]}"
201809,2018-09-01,0.2585595082823498,301.54594398014683,"{""type"":""MultiPoint"",""coordinates"":[]}"
201810,2018-10-01,0.21183742467387046,301.3128998094419,"{""type"":""MultiPoint"",""coordinates"":[]}"
201811,2018-11-01,0.2492009154730613,298.46477584115144,"{""type"":""MultiPoint"",""coordinates"":[]}"
201812,2018-12-01,0.18123661759791418,297.48684740096996,"{""type"":""MultiPoint"",""coordinates"":[]}"
201901,2019-01-01,0.16490564819967532,296.52984293227007,"{""type"":""MultiPoint"",""coordinates"":[]}"
201902,2019-02-01,0.16946431255356856,300.1595522003629,"{""type"":""MultiPoint"",""coordinates"":[]}"
201903,2019-03-01,0.14758193622972532,303.9115171405841,"{""type"":""MultiPoint"",""coordinates"":[]}"
201904,2019-04-01,0.15907647675946268,305.95091613378764,"{""type"":""MultiPoint"",""coordinates"":[]}"
201905,2019-05-01,0.1551922148229636,307.8727538278277,"{""type"":""MultiPoint"",""coordinates"":[]}"
201906,2019-06-01,0.2275383509767662,304.4335170422757,"{""type"":""MultiPoint"",""coordinates"":[]}"
201907,2019-07-01,0.28953045370076036,301.7912639168735,"{""type"":""MultiPoint"",""coordinates"":[]}"
201908,2019-08-01,0.3346969612050982,300.47441905590586,"{""type"":""MultiPoint"",""coordinates"":[]}"
201909,2019-09-01,0.3704511377638197,300.01127442553343,"{""type"":""MultiPoint"",""coordinates"":[]}"
201910,2019-10-01,0.4064557880300507,298.73984915735025,"{""type"":""MultiPoint"",""coordinates"":[]}"
201911,2019-11-01,0.32425296357850175,298.36732867735446,"{""type"":""MultiPoint"",""coordinates"":[]}"
201912,2019-12-01,0.30326736701592405,296.3927652498163,"{""type"":""MultiPoint"",""coordinates"":[]}"
202001,2020-01-01,0.2215065791460983,297.44740033419583,"{""type"":""MultiPoint"",""coordinates"":[]}"
202002,2020-02-01,0.15317852993500103,298.92225804800523,"{""type"":""MultiPoint"",""coordinates"":[]}"
202003,2020-03-01,0.15505302376672941,302.20051210416193,"{""type"":""MultiPoint"",""coordinates"":[]}"
202004,2020-04-01,0.15754906996726706,304.6246626834467,"{""type"":""MultiPoint"",""coordinates"":[]}"
202005,2020-05-01,0.15366125410608164,306.2902591223629,"{""type"":""MultiPoint"",""coordinates"":[]}"
202006,2020-06-01,0.26340801038074024,302.90719035003804,"{""type"":""MultiPoint"",""coordinates"":[]}"
202007,2020-07-01,0.3617110455393081,300.44913849964126,"{""type"":""MultiPoint"",""coordinates"":[]}"
202008,2020-08-01,0.3287135178346223,300.3537124435601,"{""type"":""MultiPoint"",""coordinates"":[]}"
202009,2020-09-01,0.38279104255183116,299.60282430577155,"{""type"":""MultiPoint"",""coordinates"":[]}"
202010,2020-10-01,0.3501669677412465,299.4238581944241,"{""type"":""MultiPoint"",""coordinates"":[]}"
202011,2020-11-01,0.3122735919279755,297.69988832780086,"{""type"":""MultiPoint"",""coordinates"":[]}"
202012,2020-12-01,0.32775327259580256,295.3805439368565,"{""type"":""MultiPoint"",""coordinates"":[]}"
202101,2021-01-01,0.23993582911155162,296.52257777989456,"{""type"":""MultiPoint"",""coordinates"":[]}"
202102,2021-02-01,0.1676275591342856,297.740155582424,"{""type"":""MultiPoint"",""coordinates"":[]}"
202103,2021-03-01,0.14922446442487375,302.1231156939027,"{""type"":""MultiPoint"",""coordinates"":[]}"
202104,2021-04-01,0.1668507184206856,304.5639300099414,"{""type"":""MultiPoint"",""coordinates"":[]}"
202105,2021-05-01,0.20158658368130564,304.3753574977784,"{""type"":""MultiPoint"",""coordinates"":[]}"
202106,2021-06-01,0.2408985437469593,302.4612664922265,"{""type"":""MultiPoint"",""coordinates"":[]}"
202107,2021-07-01,0.36648238266389505,300.1501766857713,"{""type"":""MultiPoint"",""coordinates"":[]}"
202108,2021-08-01,0.26910846589695275,300.70481261216304,"{""type"":""MultiPoint"",""coordinates"":[]}"
202109,2021-09-01,0.3134780563756343,300.4790976446519,"{""type"":""MultiPoint"",""coordinates"":[]}"
202110,2021-10-01,0.30679229970034805,300.48760119019505,"{""type"":""MultiPoint"",""coordinates"":[]}"
202111,2021-11-01,0.41710639179819436,296.9973228927215,"{""type"":""MultiPoint"",""coordinates"":[]}"
202112,2021-12-01,0.30812379465387746,295.9487641248858,"{""type"":""MultiPoint"",""coordinates"":[]}"
202201,2022-01-01,0.212033089825247,296.69660828689734,"{""type"":""MultiPoint"",""coordinates"":[]}"
202202,2022-02-01,0.1569232171125598,298.0425356181576,"{""type"":""MultiPoint"",""coordinates"":[]}"
202203,2022-03-01,0.1487639888895121,302.4448249954175,"{""type"":""MultiPoint"",""coordinates"":[]}"
202204,2022-04-01,0.1485546041542422,304.9027034503484,"{""type"":""MultiPoint"",""coordinates"":[]}"
202205,2022-05-01,0.24289318673048083,303.32505056011667,"{""type"":""MultiPoint"",""coordinates"":[]}"
202206,2022-06-01,0.24169580420069472,302.95658988788404,"{""type"":""MultiPoint"",""coordinates"":[]}"
202207,2022-07-01,0.30123663443466125,300.5135869221101,"{""type"":""MultiPoint"",""coordinates"":[]}"
202208,2022-08-01,0.32250006061436287,300.58123069562004,"{""type"":""MultiPoint"",""coordinates"":[]}"
202209,2022-09-01,0.3100986870419006,300.39880872544995,"{""type"":""MultiPoint"",""coordinates"":[]}"
202210,2022-10-01,0.3553632489034469,298.7188103540864,"{""type"":""MultiPoint"",""coordinates"":[]}"
202211,2022-11-01,0.3474333020459114,296.94729003284414,"{""type"":""MultiPoint"",""coordinates"":[]}"
202212,2022-12-01,0.3138891713419484,296.6258448690453,"{""type"":""MultiPoint"",""coordinates"":[]}"
202301,2023-01-01,0.18550112255442175,296.37660806574337,"{""type"":""MultiPoint"",""coordinates"":[]}"
202302,2023-02-01,0.15169129824609034,299.3917581951925,"{""type"":""MultiPoint"",""coordinates"":[]}"
202303,2023-03-01,0.19790447931806776,301.14882930087555,"{""type"":""MultiPoint"",""coordinates"":[]}"
202304,2023-04-01,0.1616850804646758,304.7201362909198,"{""type"":""MultiPoint"",""coordinates"":[]}"
202305,2023-05-01,0.20107952242558913,305.49502737568895,"{""type"":""MultiPoint"",""coordinates"":[]}"
202306,2023-06-01,0.18671901958301967,305.1082988734142,"{""type"":""MultiPoint"",""coordinates"":[]}"
202307,2023-07-01,0.3061311530222297,300.85925312336445,"{""type"":""MultiPoint"",""coordinates"":[]}"
202308,2023-08-01,0.19701690737122263,303.191999620643,"{""type"":""MultiPoint"",""coordinates"":[]}"
202309,2023-09-01,0.27625637955417337,301.97991296304076,"{""type"":""MultiPoint"",""coordinates"":[]}"
202310,2023-10-01,0.1854182959648194,302.2897646160393,"{""type"":""MultiPoint"",""coordinates"":[]}"
202311,2023-11-01,0.30169720173530346,298.49483696454257,"{""type"":""MultiPoint"",""coordinates"":[]}"
202312,2023-12-01,0.28868946766121184,296.514471643156,"{""type"":""MultiPoint"",""coordinates"":[]}"
202401,2024-01-01,0.19310266498976492,297.64931411229907,"{""type"":""MultiPoint"",""coordinates"":[]}"
202402,2024-02-01,0.1502376240567067,300.53053889246286,"{""type"":""MultiPoint"",""coordinates"":[]}"
202403,2024-03-01,0.14750294365071867,303.57471830097745,"{""type"":""MultiPoint"",""coordinates"":[]}"
202404,2024-04-01,0.14745817801817435,306.6130804816875,"{""type"":""MultiPoint"",""coordinates"":[]}"
202405,2024-05-01,0.22175253046182905,305.6422434382963,"{""type"":""MultiPoint"",""coordinates"":[]}"
202406,2024-06-01,0.30946239624847977,302.2301151961733,"{""type"":""MultiPoint"",""coordinates"":[]}"
202407,2024-07-01,0.2812381111230483,301.39034778840187,"{""type"":""MultiPoint"",""coordinates"":[]}"
202408,2024-08-01,0.3047545956502397,301.389643140029,"{""type"":""MultiPoint"",""coordinates"":[]}"
202409,2024-09-01,0.30307865123963285,300.8001582769882,"{""type"":""MultiPoint"",""coordinates"":[]}"
202410,2024-10-01,0.32407699444002847,300.01304931870834,"{""type"":""MultiPoint"",""coordinates"":[]}"
202411,2024-11-01,0.2598630239017342,298.3008304385776,"{""type"":""MultiPoint"",""coordinates"":[]}"
202412,2024-12-01,0.3087859640918491,297.1206383547303,"{""type"":""MultiPoint"",""coordinates"":[]}"
202501,2025-01-01,0.1921552616089438,296.4204428620284,"{""type"":""MultiPoint"",""coordinates"":[]}"
202502,2025-02-01,0.14981038066333643,299.93751187833914,"{""type"":""MultiPoint"",""coordinates"":[]}"
202503,2025-03-01,0.1487692110467156,303.10485071030644,"{""type"":""MultiPoint"",""coordinates"":[]}"
202504,2025-04-01,0.17418529451131587,304.70325855110303,"{""type"":""MultiPoint"",""coordinates"":[]}"
202505,2025-05-01,0.26426881899827026,303.5864425002499,"{""type"":""MultiPoint"",""coordinates"":[]}"
202506,2025-06-01,0.218567419871965,302.7624627664901,"{""type"":""MultiPoint"",""coordinates"":[]}"
202507,2025-07-01,0.22381358492332787,301.5661375610801,"{""type"":""MultiPoint"",""coordinates"":[]}"
202508,2025-08-01,0.3407260973486223,299.96535714363546,"{""type"":""MultiPoint"",""coordinates"":[]}"
202509,2025-09-01,0.24148111546968945,300.7375125762006,"{""type"":""MultiPoint"",""coordinates"":[]}"
202510,2025-10-01,0.3350266556346132,299.16852803236816,"{""type"":""MultiPoint"",""coordinates"":[]}"
202511,2025-11-01,0.28140670756552166,297.692342986799,"{""type"":""MultiPoint"",""coordinates"":[]}"
202512,2025-12-01,0.26376908651275294,295.0606593472625,"{""type"":""MultiPoint"",""coordinates"":[]}"
