system:index,date,ndvi_mean,.geo
2001_01_01,2001-01-01,0.4086988618667409,"{""type"":""MultiPoint"",""coordinates"":[]}"
2001_01_17,2001-01-17,0.36076973594351053,"{""type"":""MultiPoint"",""coordinates"":[]}"
2001_02_02,2001-02-02,0.3364860052717826,"{""type"":""MultiPoint"",""coordinates"":[]}"
2001_02_18,2001-02-18,0.31654822630646096,"{""type"":""MultiPoint"",""coordinates"":[]}"
2001_03_06,2001-03-06,0.3013211064248167,"{""type"":""MultiPoint"",""coordinates"":[]}"
2001_03_22,2001-03-22,0.287986816074015,"{""type"":""MultiPoint"",""coordinates"":[]}"
2001_04_07,2001-04-07,0.29063690204540754,"{""type"":""MultiPoint"",""coordinates"":[]}"
2001_04_23,2001-04-23,0.2813407238498305,"{""type"":""MultiPoint"",""coordinates"":[]}"
2001_05_09,2001-05-09,0.27100979022665483,"{""type"":""MultiPoint"",""coordinates"":[]}"
2001_05_25,2001-05-25,0.2649686479373732,"{""type"":""MultiPoint"",""coordinates"":[]}"
2001_06_10,2001-06-10,0.05234081200338143,"{""type"":""MultiPoint"",""coordinates"":[]}"
2001_06_26,2001-06-26,0.09129423767058334,"{""type"":""MultiPoint"",""coordinates"":[]}"
2001_07_12,2001-07-12,0.22845204995585114,"{""type"":""MultiPoint"",""coordinates"":[]}"
2001_07_28,2001-07-28,0.23482900708645602,"{""type"":""MultiPoint"",""coordinates"":[]}"
2001_08_13,2001-08-13,0.2965807480507075,"{""type"":""MultiPoint"",""coordinates"":[]}"
2001_08_29,2001-08-29,0.38614868032719607,"{""type"":""MultiPoint"",""coordinates"":[]}"
2001_09_14,2001-09-14,0.43865162646546124,"{""type"":""MultiPoint"",""coordinates"":[]}"
2001_09_30,2001-09-30,0.4301026606518097,"{""type"":""MultiPoint"",""coordinates"":[]}"
2001_10_16,2001-10-16,0.546439913128743,"{""type"":""MultiPoint"",""coordinates"":[]}"
2001_11_01,2001-11-01,0.5232496430083755,"{""type"":""MultiPoint"",""coordinates"":[]}"
2001_11_17,2001-11-17,0.5200509615334843,"{""type"":""MultiPoint"",""coordinates"":[]}"
2001_12_03,2001-12-03,0.49366593929443264,"{""type"":""MultiPoint"",""coordinates"":[]}"
2001_12_19,2001-12-19,0.4677985771969639,"{""type"":""MultiPoint"",""coordinates"":[]}"
2002_01_01,2002-01-01,0.46097068617734804,"{""type"":""MultiPoint"",""coordinates"":[]}"
2002_01_17,2002-01-17,0.41903779701864186,"{""type"":""MultiPoint"",""coordinates"":[]}"
2002_02_02,2002-02-02,0.37063201626551306,"{""type"":""MultiPoint"",""coordinates"":[]}"
2002_02_18,2002-02-18,0.3500980549805028,"{""type"":""MultiPoint"",""coordinates"":[]}"
2002_03_06,2002-03-06,0.31289679427239137,"{""type"":""MultiPoint"",""coordinates"":[]}"
2002_03_22,2002-03-22,0.29381527859000905,"{""type"":""MultiPoint"",""coordinates"":[]}"
2002_04_07,2002-04-07,0.28843531683575224,"{""type"":""MultiPoint"",""coordinates"":[]}"
2002_04_23,2002-04-23,0.2733350831209863,"{""type"":""MultiPoint"",""coordinates"":[]}"
2002_05_09,2002-05-09,0.26953056406375836,"{""type"":""MultiPoint"",""coordinates"":[]}"
2002_05_25,2002-05-25,0.2984210364498788,"{""type"":""MultiPoint"",""coordinates"":[]}"
2002_06_10,2002-06-10,0.18345779255625616,"{""type"":""MultiPoint"",""coordinates"":[]}"
2002_06_26,2002-06-26,0.3377053527186113,"{""type"":""MultiPoint"",""coordinates"":[]}"
2002_07_12,2002-07-12,0.3171511466354203,"{""type"":""MultiPoint"",""coordinates"":[]}"
2002_07_28,2002-07-28,0.2272510749296654,"{""type"":""MultiPoint"",""coordinates"":[]}"
2002_08_13,2002-08-13,0.4369911584320967,"{""type"":""MultiPoint"",""coordinates"":[]}"
2002_08_29,2002-08-29,0.42044783648248507,"{""type"":""MultiPoint"",""coordinates"":[]}"
2002_09_14,2002-09-14,0.44514846808895814,"{""type"":""MultiPoint"",""coordinates"":[]}"
2002_09_30,2002-09-30,0.4167307988339698,"{""type"":""MultiPoint"",""coordinates"":[]}"
2002_10_16,2002-10-16,0.47163860479995434,"{""type"":""MultiPoint"",""coordinates"":[]}"
2002_11_01,2002-11-01,0.5134616104105192,"{""type"":""MultiPoint"",""coordinates"":[]}"
2002_11_17,2002-11-17,0.5014514600773036,"{""type"":""MultiPoint"",""coordinates"":[]}"
2002_12_03,2002-12-03,0.4803274448081408,"{""type"":""MultiPoint"",""coordinates"":[]}"
2002_12_19,2002-12-19,0.424330491342936,"{""type"":""MultiPoint"",""coordinates"":[]}"
2003_01_01,2003-01-01,0.38295839941325827,"{""type"":""MultiPoint"",""coordinates"":[]}"
2003_01_17,2003-01-17,0.3410712826237212,"{""type"":""MultiPoint"",""coordinates"":[]}"
2003_02_02,2003-02-02,0.30429003111730063,"{""type"":""MultiPoint"",""coordinates"":[]}"
2003_02_18,2003-02-18,0.28566302444635144,"{""type"":""MultiPoint"",""coordinates"":[]}"
2003_03_06,2003-03-06,0.27311850130393284,"{""type"":""MultiPoint"",""coordinates"":[]}"
2003_03_22,2003-03-22,0.2626698892422313,"{""type"":""MultiPoint"",""coordinates"":[]}"
2003_04_07,2003-04-07,0.2660066589129761,"{""type"":""MultiPoint"",""coordinates"":[]}"
2003_04_23,2003-04-23,0.25548943906833144,"{""type"":""MultiPoint"",""coordinates"":[]}"
2003_05_09,2003-05-09,0.22968754359181226,"{""type"":""MultiPoint"",""coordinates"":[]}"
2003_05_25,2003-05-25,0.22736613447705267,"{""type"":""MultiPoint"",""coordinates"":[]}"
2003_06_10,2003-06-10,0.23975364127369542,"{""type"":""MultiPoint"",""coordinates"":[]}"
2003_06_26,2003-06-26,0.25447554935478955,"{""type"":""MultiPoint"",""coordinates"":[]}"
2003_07_12,2003-07-12,0.28440720277399734,"{""type"":""MultiPoint"",""coordinates"":[]}"
2003_07_28,2003-07-28,0.367831727386791,"{""type"":""MultiPoint"",""coordinates"":[]}"
2003_08_13,2003-08-13,0.29013216660875996,"{""type"":""MultiPoint"",""coordinates"":[]}"
2003_08_29,2003-08-29,0.41117285874334725,"{""type"":""MultiPoint"",""coordinates"":[]}"
2003_09_14,2003-09-14,0.38902032059677005,"{""type"":""MultiPoint"",""coordinates"":[]}"
2003_09_30,2003-09-30,0.5105325158501633,"{""type"":""MultiPoint"",""coordinates"":[]}"
2003_10_16,2003-10-16,0.5382784212957364,"{""type"":""MultiPoint"",""coordinates"":[]}"
2003_11_01,2003-11-01,0.5525982997092299,"{""type"":""MultiPoint"",""coordinates"":[]}"
2003_11_17,2003-11-17,0.522535823959874,"{""type"":""MultiPoint"",""coordinates"":[]}"
2003_12_03,2003-12-03,0.478609046663009,"{""type"":""MultiPoint"",""coordinates"":[]}"
2003_12_19,2003-12-19,0.40121660218425814,"{""type"":""MultiPoint"",""coordinates"":[]}"
2004_01_01,2004-01-01,0.36747135528385116,"{""type"":""MultiPoint"",""coordinates"":[]}"
2004_01_17,2004-01-17,0.3456526447629592,"{""type"":""MultiPoint"",""coordinates"":[]}"
2004_02_02,2004-02-02,0.32571111940889086,"{""type"":""MultiPoint"",""coordinates"":[]}"
2004_02_18,2004-02-18,0.29532386099601055,"{""type"":""MultiPoint"",""coordinates"":[]}"
2004_03_05,2004-03-05,0.2698895905007788,"{""type"":""MultiPoint"",""coordinates"":[]}"
2004_03_21,2004-03-21,0.2643562072697198,"{""type"":""MultiPoint"",""coordinates"":[]}"
2004_04_06,2004-04-06,0.25483805615408944,"{""type"":""MultiPoint"",""coordinates"":[]}"
2004_04_22,2004-04-22,0.2481226343967124,"{""type"":""MultiPoint"",""coordinates"":[]}"
2004_05_08,2004-05-08,0.2907706466999184,"{""type"":""MultiPoint"",""coordinates"":[]}"
2004_05_24,2004-05-24,0.30099293366595936,"{""type"":""MultiPoint"",""coordinates"":[]}"
2004_06_09,2004-06-09,0.24650269820538656,"{""type"":""MultiPoint"",""coordinates"":[]}"
2004_06_25,2004-06-25,0.26284672894125194,"{""type"":""MultiPoint"",""coordinates"":[]}"
2004_07_11,2004-07-11,0.33403977302766374,"{""type"":""MultiPoint"",""coordinates"":[]}"
2004_07_27,2004-07-27,0.30779903098658756,"{""type"":""MultiPoint"",""coordinates"":[]}"
2004_08_12,2004-08-12,0.36405710943251374,"{""type"":""MultiPoint"",""coordinates"":[]}"
2004_08_28,2004-08-28,0.39332513524171714,"{""type"":""MultiPoint"",""coordinates"":[]}"
2004_09_13,2004-09-13,0.4517876096726654,"{""type"":""MultiPoint"",""coordinates"":[]}"
2004_09_29,2004-09-29,0.5399489133761493,"{""type"":""MultiPoint"",""coordinates"":[]}"
2004_10_15,2004-10-15,0.5578226819947647,"{""type"":""MultiPoint"",""coordinates"":[]}"
2004_10_31,2004-10-31,0.5170697637641218,"{""type"":""MultiPoint"",""coordinates"":[]}"
2004_11_16,2004-11-16,0.5026051710456015,"{""type"":""MultiPoint"",""coordinates"":[]}"
2004_12_02,2004-12-02,0.46018728459634206,"{""type"":""MultiPoint"",""coordinates"":[]}"
2004_12_18,2004-12-18,0.41345776333674855,"{""type"":""MultiPoint"",""coordinates"":[]}"
2005_01_01,2005-01-01,0.36694647441186246,"{""type"":""MultiPoint"",""coordinates"":[]}"
2005_01_17,2005-01-17,0.33239949464624263,"{""type"":""MultiPoint"",""coordinates"":[]}"
2005_02_02,2005-02-02,0.3326443491887525,"{""type"":""MultiPoint"",""coordinates"":[]}"
2005_02_18,2005-02-18,0.29971062830991285,"{""type"":""MultiPoint"",""coordinates"":[]}"
2005_03_06,2005-03-06,0.29043373247929244,"{""type"":""MultiPoint"",""coordinates"":[]}"
2005_03_22,2005-03-22,0.26524452791447045,"{""type"":""MultiPoint"",""coordinates"":[]}"
2005_04_07,2005-04-07,0.2626753949685883,"{""type"":""MultiPoint"",""coordinates"":[]}"
2005_04_23,2005-04-23,0.2693347287358347,"{""type"":""MultiPoint"",""coordinates"":[]}"
2005_05_09,2005-05-09,0.25752182174061117,"{""type"":""MultiPoint"",""coordinates"":[]}"
2005_05_25,2005-05-25,0.25960373001986914,"{""type"":""MultiPoint"",""coordinates"":[]}"
2005_06_10,2005-06-10,0.26189585821663625,"{""type"":""MultiPoint"",""coordinates"":[]}"
2005_06_26,2005-06-26,0.19918913421704856,"{""type"":""MultiPoint"",""coordinates"":[]}"
2005_07_12,2005-07-12,0.26724005918812044,"{""type"":""MultiPoint"",""coordinates"":[]}"
2005_07_28,2005-07-28,0.2748148707077789,"{""type"":""MultiPoint"",""coordinates"":[]}"
2005_08_13,2005-08-13,0.39154020491674396,"{""type"":""MultiPoint"",""coordinates"":[]}"
2005_08_29,2005-08-29,0.4741377238400079,"{""type"":""MultiPoint"",""coordinates"":[]}"
2005_09_14,2005-09-14,0.4849029518537453,"{""type"":""MultiPoint"",""coordinates"":[]}"
2005_09_30,2005-09-30,0.5349852576005057,"{""type"":""MultiPoint"",""coordinates"":[]}"
2005_10_16,2005-10-16,0.5250445300552582,"{""type"":""MultiPoint"",""coordinates"":[]}"
2005_11_01,2005-11-01,0.5573392862158721,"{""type"":""MultiPoint"",""coordinates"":[]}"
2005_11_17,2005-11-17,0.5415442809782538,"{""type"":""MultiPoint"",""coordinates"":[]}"
2005_12_03,2005-12-03,0.5248458716329306,"{""type"":""MultiPoint"",""coordinates"":[]}"
2005_12_19,2005-12-19,0.4783841296836912,"{""type"":""MultiPoint"",""coordinates"":[]}"
2006_01_01,2006-01-01,0.4504608096523528,"{""type"":""MultiPoint"",""coordinates"":[]}"
2006_01_17,2006-01-17,0.40072755237833246,"{""type"":""MultiPoint"",""coordinates"":[]}"
2006_02_02,2006-02-02,0.35790181448628683,"{""type"":""MultiPoint"",""coordinates"":[]}"
2006_02_18,2006-02-18,0.3333810319378441,"{""type"":""MultiPoint"",""coordinates"":[]}"
2006_03_06,2006-03-06,0.33832011171526855,"{""type"":""MultiPoint"",""coordinates"":[]}"
2006_03_22,2006-03-22,0.3165941149487884,"{""type"":""MultiPoint"",""coordinates"":[]}"
2006_04_07,2006-04-07,0.3000807729676319,"{""type"":""MultiPoint"",""coordinates"":[]}"
2006_04_23,2006-04-23,0.2913164288289075,"{""type"":""MultiPoint"",""coordinates"":[]}"
2006_05_09,2006-05-09,0.27654659957418276,"{""type"":""MultiPoint"",""coordinates"":[]}"
2006_05_25,2006-05-25,0.337153787130002,"{""type"":""MultiPoint"",""coordinates"":[]}"
2006_06_10,2006-06-10,0.3682029641358776,"{""type"":""MultiPoint"",""coordinates"":[]}"
2006_06_26,2006-06-26,0.3118118269392274,"{""type"":""MultiPoint"",""coordinates"":[]}"
2006_07_12,2006-07-12,0.2912055207932066,"{""type"":""MultiPoint"",""coordinates"":[]}"
2006_07_28,2006-07-28,0.27370831639739185,"{""type"":""MultiPoint"",""coordinates"":[]}"
2006_08_13,2006-08-13,0.3908016522538563,"{""type"":""MultiPoint"",""coordinates"":[]}"
2006_08_29,2006-08-29,0.3843498987994722,"{""type"":""MultiPoint"",""coordinates"":[]}"
2006_09_14,2006-09-14,0.39267686419053294,"{""type"":""MultiPoint"",""coordinates"":[]}"
2006_09_30,2006-09-30,0.5007577887082173,"{""type"":""MultiPoint"",""coordinates"":[]}"
2006_10_16,2006-10-16,0.4905521627014836,"{""type"":""MultiPoint"",""coordinates"":[]}"
2006_11_01,2006-11-01,0.5201969338589773,"{""type"":""MultiPoint"",""coordinates"":[]}"
2006_11_17,2006-11-17,0.5305144702834074,"{""type"":""MultiPoint"",""coordinates"":[]}"
2006_12_03,2006-12-03,0.4908331195947439,"{""type"":""MultiPoint"",""coordinates"":[]}"
2006_12_19,2006-12-19,0.41002131950523457,"{""type"":""MultiPoint"",""coordinates"":[]}"
2007_01_01,2007-01-01,0.3755757992302969,"{""type"":""MultiPoint"",""coordinates"":[]}"
2007_01_17,2007-01-17,0.3367455045709015,"{""type"":""MultiPoint"",""coordinates"":[]}"
2007_02_02,2007-02-02,0.307301950142243,"{""type"":""MultiPoint"",""coordinates"":[]}"
2007_02_18,2007-02-18,0.2983093229657464,"{""type"":""MultiPoint"",""coordinates"":[]}"
2007_03_06,2007-03-06,0.28041031278750356,"{""type"":""MultiPoint"",""coordinates"":[]}"
2007_03_22,2007-03-22,0.27193868138954386,"{""type"":""MultiPoint"",""coordinates"":[]}"
2007_04_07,2007-04-07,0.2703728671464812,"{""type"":""MultiPoint"",""coordinates"":[]}"
2007_04_23,2007-04-23,0.26293063498050634,"{""type"":""MultiPoint"",""coordinates"":[]}"
2007_05_09,2007-05-09,0.26133663753016556,"{""type"":""MultiPoint"",""coordinates"":[]}"
2007_05_25,2007-05-25,0.2705631327816041,"{""type"":""MultiPoint"",""coordinates"":[]}"
2007_06_10,2007-06-10,0.2903485326788839,"{""type"":""MultiPoint"",""coordinates"":[]}"
2007_06_26,2007-06-26,0.2654332647896302,"{""type"":""MultiPoint"",""coordinates"":[]}"
2007_07_12,2007-07-12,0.32939665755077524,"{""type"":""MultiPoint"",""coordinates"":[]}"
2007_07_28,2007-07-28,0.29591669055247927,"{""type"":""MultiPoint"",""coordinates"":[]}"
2007_08_13,2007-08-13,0.3762638134227057,"{""type"":""MultiPoint"",""coordinates"":[]}"
2007_08_29,2007-08-29,0.4807365310848453,"{""type"":""MultiPoint"",""coordinates"":[]}"
2007_09_14,2007-09-14,0.4277178169264591,"{""type"":""MultiPoint"",""coordinates"":[]}"
2007_09_30,2007-09-30,0.49788347256526916,"{""type"":""MultiPoint"",""coordinates"":[]}"
2007_10_16,2007-10-16,0.49565044735066777,"{""type"":""MultiPoint"",""coordinates"":[]}"
2007_11_01,2007-11-01,0.5498481653502523,"{""type"":""MultiPoint"",""coordinates"":[]}"
2007_11_17,2007-11-17,0.5385930499246524,"{""type"":""MultiPoint"",""coordinates"":[]}"
2007_12_03,2007-12-03,0.5019044944507588,"{""type"":""MultiPoint"",""coordinates"":[]}"
2007_12_19,2007-12-19,0.4542740081702168,"{""type"":""MultiPoint"",""coordinates"":[]}"
2008_01_01,2008-01-01,0.4097617982503381,"{""type"":""MultiPoint"",""coordinates"":[]}"
2008_01_17,2008-01-17,0.3745703473820429,"{""type"":""MultiPoint"",""coordinates"":[]}"
2008_02_02,2008-02-02,0.3574777044182785,"{""type"":""MultiPoint"",""coordinates"":[]}"
2008_02_18,2008-02-18,0.3542113597353213,"{""type"":""MultiPoint"",""coordinates"":[]}"
2008_03_05,2008-03-05,0.33888633338609964,"{""type"":""MultiPoint"",""coordinates"":[]}"
2008_03_21,2008-03-21,0.3547335549185465,"{""type"":""MultiPoint"",""coordinates"":[]}"
2008_04_06,2008-04-06,0.36371009420685296,"{""type"":""MultiPoint"",""coordinates"":[]}"
2008_04_22,2008-04-22,0.3216828325864815,"{""type"":""MultiPoint"",""coordinates"":[]}"
2008_05_08,2008-05-08,0.28820317920019023,"{""type"":""MultiPoint"",""coordinates"":[]}"
2008_05_24,2008-05-24,0.3073101804538955,"{""type"":""MultiPoint"",""coordinates"":[]}"
2008_06_09,2008-06-09,0.2252928298035467,"{""type"":""MultiPoint"",""coordinates"":[]}"
2008_06_25,2008-06-25,0.22738404712536117,"{""type"":""MultiPoint"",""coordinates"":[]}"
2008_07_11,2008-07-11,0.2760640283619322,"{""type"":""MultiPoint"",""coordinates"":[]}"
2008_07_27,2008-07-27,0.19846242365478575,"{""type"":""MultiPoint"",""coordinates"":[]}"
2008_08_12,2008-08-12,0.3854016026279873,"{""type"":""MultiPoint"",""coordinates"":[]}"
2008_08_28,2008-08-28,0.46087148146020623,"{""type"":""MultiPoint"",""coordinates"":[]}"
2008_09_13,2008-09-13,0.4939186149513761,"{""type"":""MultiPoint"",""coordinates"":[]}"
2008_09_29,2008-09-29,0.48692340616984964,"{""type"":""MultiPoint"",""coordinates"":[]}"
2008_10_15,2008-10-15,0.5255871131360323,"{""type"":""MultiPoint"",""coordinates"":[]}"
2008_10_31,2008-10-31,0.5101801254125922,"{""type"":""MultiPoint"",""coordinates"":[]}"
2008_11_16,2008-11-16,0.5310577559173062,"{""type"":""MultiPoint"",""coordinates"":[]}"
2008_12_02,2008-12-02,0.5392516707597117,"{""type"":""MultiPoint"",""coordinates"":[]}"
2008_12_18,2008-12-18,0.4655007452188268,"{""type"":""MultiPoint"",""coordinates"":[]}"
2009_01_01,2009-01-01,0.40473086696853056,"{""type"":""MultiPoint"",""coordinates"":[]}"
2009_01_17,2009-01-17,0.35907596194587793,"{""type"":""MultiPoint"",""coordinates"":[]}"
2009_02_02,2009-02-02,0.3261659384713343,"{""type"":""MultiPoint"",""coordinates"":[]}"
2009_02_18,2009-02-18,0.31243250516491416,"{""type"":""MultiPoint"",""coordinates"":[]}"
2009_03_06,2009-03-06,0.2991773711496258,"{""type"":""MultiPoint"",""coordinates"":[]}"
2009_03_22,2009-03-22,0.29779020489416813,"{""type"":""MultiPoint"",""coordinates"":[]}"
2009_04_07,2009-04-07,0.2732382182449325,"{""type"":""MultiPoint"",""coordinates"":[]}"
2009_04_23,2009-04-23,0.2600649336761262,"{""type"":""MultiPoint"",""coordinates"":[]}"
2009_05_09,2009-05-09,0.24796509757519256,"{""type"":""MultiPoint"",""coordinates"":[]}"
2009_05_25,2009-05-25,0.2858323848901264,"{""type"":""MultiPoint"",""coordinates"":[]}"
2009_06_10,2009-06-10,0.3221260096552288,"{""type"":""MultiPoint"",""coordinates"":[]}"
2009_06_26,2009-06-26,0.281814798938457,"{""type"":""MultiPoint"",""coordinates"":[]}"
2009_07_12,2009-07-12,0.25898844967622514,"{""type"":""MultiPoint"",""coordinates"":[]}"
2009_07_28,2009-07-28,0.2721054195784879,"{""type"":""MultiPoint"",""coordinates"":[]}"
2009_08_13,2009-08-13,0.2613353500506539,"{""type"":""MultiPoint"",""coordinates"":[]}"
2009_08_29,2009-08-29,0.4020588625622711,"{""type"":""MultiPoint"",""coordinates"":[]}"
2009_09_14,2009-09-14,0.45488693419611737,"{""type"":""MultiPoint"",""coordinates"":[]}"
2009_09_30,2009-09-30,0.49505171680833693,"{""type"":""MultiPoint"",""coordinates"":[]}"
2009_10_16,2009-10-16,0.4967797805634748,"{""type"":""MultiPoint"",""coordinates"":[]}"
2009_11_01,2009-11-01,0.5037467617503593,"{""type"":""MultiPoint"",""coordinates"":[]}"
2009_11_17,2009-11-17,0.5533232575630337,"{""type"":""MultiPoint"",""coordinates"":[]}"
2009_12_03,2009-12-03,0.5395345276521953,"{""type"":""MultiPoint"",""coordinates"":[]}"
2009_12_19,2009-12-19,0.4983308837704867,"{""type"":""MultiPoint"",""coordinates"":[]}"
2010_01_01,2010-01-01,0.4378041494261475,"{""type"":""MultiPoint"",""coordinates"":[]}"
2010_01_17,2010-01-17,0.3912916134115177,"{""type"":""MultiPoint"",""coordinates"":[]}"
2010_02_02,2010-02-02,0.3629475562848257,"{""type"":""MultiPoint"",""coordinates"":[]}"
2010_02_18,2010-02-18,0.3408234911246116,"{""type"":""MultiPoint"",""coordinates"":[]}"
2010_03_06,2010-03-06,0.31705429636021415,"{""type"":""MultiPoint"",""coordinates"":[]}"
2010_03_22,2010-03-22,0.2948395401791371,"{""type"":""MultiPoint"",""coordinates"":[]}"
2010_04_07,2010-04-07,0.27373488433026694,"{""type"":""MultiPoint"",""coordinates"":[]}"
2010_04_23,2010-04-23,0.2736754159535884,"{""type"":""MultiPoint"",""coordinates"":[]}"
2010_05_09,2010-05-09,0.2641692756430148,"{""type"":""MultiPoint"",""coordinates"":[]}"
2010_05_25,2010-05-25,0.28327619288840594,"{""type"":""MultiPoint"",""coordinates"":[]}"
2010_06_10,2010-06-10,0.2690742351706917,"{""type"":""MultiPoint"",""coordinates"":[]}"
2010_06_26,2010-06-26,0.31339642128859246,"{""type"":""MultiPoint"",""coordinates"":[]}"
2010_07_12,2010-07-12,0.3312185211360053,"{""type"":""MultiPoint"",""coordinates"":[]}"
2010_07_28,2010-07-28,0.3934200007722014,"{""type"":""MultiPoint"",""coordinates"":[]}"
2010_08_13,2010-08-13,0.3616508046521532,"{""type"":""MultiPoint"",""coordinates"":[]}"
2010_08_29,2010-08-29,0.40066438311598385,"{""type"":""MultiPoint"",""coordinates"":[]}"
2010_09_14,2010-09-14,0.5523601864101714,"{""type"":""MultiPoint"",""coordinates"":[]}"
2010_09_30,2010-09-30,0.5775884363764303,"{""type"":""MultiPoint"",""coordinates"":[]}"
2010_10_16,2010-10-16,0.5435775733434971,"{""type"":""MultiPoint"",""coordinates"":[]}"
2010_11_01,2010-11-01,0.5543170703926209,"{""type"":""MultiPoint"",""coordinates"":[]}"
2010_11_17,2010-11-17,0.603965861175419,"{""type"":""MultiPoint"",""coordinates"":[]}"
2010_12_03,2010-12-03,0.5434373335317523,"{""type"":""MultiPoint"",""coordinates"":[]}"
2010_12_19,2010-12-19,0.5118954496115317,"{""type"":""MultiPoint"",""coordinates"":[]}"
2011_01_01,2011-01-01,0.4680152041810694,"{""type"":""MultiPoint"",""coordinates"":[]}"
2011_01_17,2011-01-17,0.4175895175801477,"{""type"":""MultiPoint"",""coordinates"":[]}"
2011_02_02,2011-02-02,0.3730540159803798,"{""type"":""MultiPoint"",""coordinates"":[]}"
2011_02_18,2011-02-18,0.35338804362849097,"{""type"":""MultiPoint"",""coordinates"":[]}"
2011_03_06,2011-03-06,0.33490431256005243,"{""type"":""MultiPoint"",""coordinates"":[]}"
2011_03_22,2011-03-22,0.3130534743362699,"{""type"":""MultiPoint"",""coordinates"":[]}"
2011_04_07,2011-04-07,0.29997896227777315,"{""type"":""MultiPoint"",""coordinates"":[]}"
2011_04_23,2011-04-23,0.3043846984672927,"{""type"":""MultiPoint"",""coordinates"":[]}"
2011_05_09,2011-05-09,0.2879271692883686,"{""type"":""MultiPoint"",""coordinates"":[]}"
2011_05_25,2011-05-25,0.2925738292496524,"{""type"":""MultiPoint"",""coordinates"":[]}"
2011_06_10,2011-06-10,0.26848467784476837,"{""type"":""MultiPoint"",""coordinates"":[]}"
2011_06_26,2011-06-26,0.31658872817521744,"{""type"":""MultiPoint"",""coordinates"":[]}"
2011_07_12,2011-07-12,0.25224353261612487,"{""type"":""MultiPoint"",""coordinates"":[]}"
2011_07_28,2011-07-28,0.30644715054174543,"{""type"":""MultiPoint"",""coordinates"":[]}"
2011_08_13,2011-08-13,0.31701799617818044,"{""type"":""MultiPoint"",""coordinates"":[]}"
2011_08_29,2011-08-29,0.36954191718884244,"{""type"":""MultiPoint"",""coordinates"":[]}"
2011_09_14,2011-09-14,0.4575342703946569,"{""type"":""MultiPoint"",""coordinates"":[]}"
2011_09_30,2011-09-30,0.5073933643490784,"{""type"":""MultiPoint"",""coordinates"":[]}"
2011_10_16,2011-10-16,0.5250657092520974,"{""type"":""MultiPoint"",""coordinates"":[]}"
2011_11_01,2011-11-01,0.5274897138427673,"{""type"":""MultiPoint"",""coordinates"":[]}"
2011_11_17,2011-11-17,0.4986621176578481,"{""type"":""MultiPoint"",""coordinates"":[]}"
2011_12_03,2011-12-03,0.49471451157854,"{""type"":""MultiPoint"",""coordinates"":[]}"
2011_12_19,2011-12-19,0.42806697402659644,"{""type"":""MultiPoint"",""coordinates"":[]}"
2012_01_01,2012-01-01,0.403970828803102,"{""type"":""MultiPoint"",""coordinates"":[]}"
2012_01_17,2012-01-17,0.3553317416388226,"{""type"":""MultiPoint"",""coordinates"":[]}"
2012_02_02,2012-02-02,0.3397394377087729,"{""type"":""MultiPoint"",""coordinates"":[]}"
2012_02_18,2012-02-18,0.3053144200488156,"{""type"":""MultiPoint"",""coordinates"":[]}"
2012_03_05,2012-03-05,0.2838233512362605,"{""type"":""MultiPoint"",""coordinates"":[]}"
2012_03_21,2012-03-21,0.2773593087413099,"{""type"":""MultiPoint"",""coordinates"":[]}"
2012_04_06,2012-04-06,0.2758507094948918,"{""type"":""MultiPoint"",""coordinates"":[]}"
2012_04_22,2012-04-22,0.2616897969158918,"{""type"":""MultiPoint"",""coordinates"":[]}"
2012_05_08,2012-05-08,0.2776399978266401,"{""type"":""MultiPoint"",""coordinates"":[]}"
2012_05_24,2012-05-24,0.2623264553401393,"{""type"":""MultiPoint"",""coordinates"":[]}"
2012_06_09,2012-06-09,0.24715279765171427,"{""type"":""MultiPoint"",""coordinates"":[]}"
2012_06_25,2012-06-25,0.26312535469567494,"{""type"":""MultiPoint"",""coordinates"":[]}"
2012_07_11,2012-07-11,0.3079444730998609,"{""type"":""MultiPoint"",""coordinates"":[]}"
2012_07_27,2012-07-27,0.279338426719776,"{""type"":""MultiPoint"",""coordinates"":[]}"
2012_08_12,2012-08-12,0.3957692940485931,"{""type"":""MultiPoint"",""coordinates"":[]}"
2012_08_28,2012-08-28,0.39834817375241477,"{""type"":""MultiPoint"",""coordinates"":[]}"
2012_09_13,2012-09-13,0.4736789450971906,"{""type"":""MultiPoint"",""coordinates"":[]}"
2012_09_29,2012-09-29,0.5130634147380868,"{""type"":""MultiPoint"",""coordinates"":[]}"
2012_10_15,2012-10-15,0.5372254361661574,"{""type"":""MultiPoint"",""coordinates"":[]}"
2012_10_31,2012-10-31,0.5764266550028636,"{""type"":""MultiPoint"",""coordinates"":[]}"
2012_11_16,2012-11-16,0.5723351091396108,"{""type"":""MultiPoint"",""coordinates"":[]}"
2012_12_02,2012-12-02,0.5339283963401471,"{""type"":""MultiPoint"",""coordinates"":[]}"
2012_12_18,2012-12-18,0.44351722683969474,"{""type"":""MultiPoint"",""coordinates"":[]}"
2013_01_01,2013-01-01,0.39234364032879765,"{""type"":""MultiPoint"",""coordinates"":[]}"
2013_01_17,2013-01-17,0.35890246214658045,"{""type"":""MultiPoint"",""coordinates"":[]}"
2013_02_02,2013-02-02,0.3395880147045309,"{""type"":""MultiPoint"",""coordinates"":[]}"
2013_02_18,2013-02-18,0.33316593432494795,"{""type"":""MultiPoint"",""coordinates"":[]}"
2013_03_06,2013-03-06,0.31282407915104177,"{""type"":""MultiPoint"",""coordinates"":[]}"
2013_03_22,2013-03-22,0.28782983782189203,"{""type"":""MultiPoint"",""coordinates"":[]}"
2013_04_07,2013-04-07,0.27021971822705215,"{""type"":""MultiPoint"",""coordinates"":[]}"
2013_04_23,2013-04-23,0.26371104044979465,"{""type"":""MultiPoint"",""coordinates"":[]}"
2013_05_09,2013-05-09,0.253834866455984,"{""type"":""MultiPoint"",""coordinates"":[]}"
2013_05_25,2013-05-25,0.24827602460124415,"{""type"":""MultiPoint"",""coordinates"":[]}"
2013_06_10,2013-06-10,0.24485968839093095,"{""type"":""MultiPoint"",""coordinates"":[]}"
2013_06_26,2013-06-26,0.26442051144015555,"{""type"":""MultiPoint"",""coordinates"":[]}"
2013_07_12,2013-07-12,0.251033581616224,"{""type"":""MultiPoint"",""coordinates"":[]}"
2013_07_28,2013-07-28,0.3569603695795939,"{""type"":""MultiPoint"",""coordinates"":[]}"
2013_08_13,2013-08-13,0.4309074249190019,"{""type"":""MultiPoint"",""coordinates"":[]}"
2013_08_29,2013-08-29,0.5189239442778212,"{""type"":""MultiPoint"",""coordinates"":[]}"
2013_09_14,2013-09-14,0.5732508106602169,"{""type"":""MultiPoint"",""coordinates"":[]}"
2013_09_30,2013-09-30,0.5581074295297103,"{""type"":""MultiPoint"",""coordinates"":[]}"
2013_10_16,2013-10-16,0.5859105515003836,"{""type"":""MultiPoint"",""coordinates"":[]}"
2013_11_01,2013-11-01,0.5834912338251467,"{""type"":""MultiPoint"",""coordinates"":[]}"
2013_11_17,2013-11-17,0.5710465195429912,"{""type"":""MultiPoint"",""coordinates"":[]}"
2013_12_03,2013-12-03,0.5286876760376651,"{""type"":""MultiPoint"",""coordinates"":[]}"
2013_12_19,2013-12-19,0.47506456831076865,"{""type"":""MultiPoint"",""coordinates"":[]}"
2014_01_01,2014-01-01,0.44065611389324877,"{""type"":""MultiPoint"",""coordinates"":[]}"
2014_01_17,2014-01-17,0.3876486172463325,"{""type"":""MultiPoint"",""coordinates"":[]}"
2014_02_02,2014-02-02,0.3721322004697796,"{""type"":""MultiPoint"",""coordinates"":[]}"
2014_02_18,2014-02-18,0.36536397251737457,"{""type"":""MultiPoint"",""coordinates"":[]}"
2014_03_06,2014-03-06,0.3562101590344504,"{""type"":""MultiPoint"",""coordinates"":[]}"
2014_03_22,2014-03-22,0.3299440820226965,"{""type"":""MultiPoint"",""coordinates"":[]}"
2014_04_07,2014-04-07,0.30937101123777616,"{""type"":""MultiPoint"",""coordinates"":[]}"
2014_04_23,2014-04-23,0.2958324971314799,"{""type"":""MultiPoint"",""coordinates"":[]}"
2014_05_09,2014-05-09,0.2886615090231658,"{""type"":""MultiPoint"",""coordinates"":[]}"
2014_05_25,2014-05-25,0.3058883936509332,"{""type"":""MultiPoint"",""coordinates"":[]}"
2014_06_10,2014-06-10,0.3067434988911681,"{""type"":""MultiPoint"",""coordinates"":[]}"
2014_06_26,2014-06-26,0.2991800938501207,"{""type"":""MultiPoint"",""coordinates"":[]}"
2014_07_12,2014-07-12,0.2536997406223857,"{""type"":""MultiPoint"",""coordinates"":[]}"
2014_07_28,2014-07-28,0.28532991953071796,"{""type"":""MultiPoint"",""coordinates"":[]}"
2014_08_13,2014-08-13,0.4115839003847119,"{""type"":""MultiPoint"",""coordinates"":[]}"
2014_08_29,2014-08-29,0.4350774176020262,"{""type"":""MultiPoint"",""coordinates"":[]}"
2014_09_14,2014-09-14,0.5440099326843685,"{""type"":""MultiPoint"",""coordinates"":[]}"
2014_09_30,2014-09-30,0.5447049301987921,"{""type"":""MultiPoint"",""coordinates"":[]}"
2014_10_16,2014-10-16,0.5744732469253877,"{""type"":""MultiPoint"",""coordinates"":[]}"
2014_11_01,2014-11-01,0.6018800003454404,"{""type"":""MultiPoint"",""coordinates"":[]}"
2014_11_17,2014-11-17,0.580187576560743,"{""type"":""MultiPoint"",""coordinates"":[]}"
2014_12_03,2014-12-03,0.5383788141773963,"{""type"":""MultiPoint"",""coordinates"":[]}"
2014_12_19,2014-12-19,0.49191358369849036,"{""type"":""MultiPoint"",""coordinates"":[]}"
2015_01_01,2015-01-01,0.4146398177777523,"{""type"":""MultiPoint"",""coordinates"":[]}"
2015_01_17,2015-01-17,0.38088046372666107,"{""type"":""MultiPoint"",""coordinates"":[]}"
2015_02_02,2015-02-02,0.3663894446034103,"{""type"":""MultiPoint"",""coordinates"":[]}"
2015_02_18,2015-02-18,0.3372187452882293,"{""type"":""MultiPoint"",""coordinates"":[]}"
2015_03_06,2015-03-06,0.33000898225401026,"{""type"":""MultiPoint"",""coordinates"":[]}"
2015_03_22,2015-03-22,0.3040102623549157,"{""type"":""MultiPoint"",""coordinates"":[]}"
2015_04_07,2015-04-07,0.2905756371188283,"{""type"":""MultiPoint"",""coordinates"":[]}"
2015_04_23,2015-04-23,0.30048383664319595,"{""type"":""MultiPoint"",""coordinates"":[]}"
2015_05_09,2015-05-09,0.29070768284664,"{""type"":""MultiPoint"",""coordinates"":[]}"
2015_05_25,2015-05-25,0.2942574198134187,"{""type"":""MultiPoint"",""coordinates"":[]}"
2015_06_10,2015-06-10,0.31684377150019255,"{""type"":""MultiPoint"",""coordinates"":[]}"
2015_06_26,2015-06-26,0.2895906210395786,"{""type"":""MultiPoint"",""coordinates"":[]}"
2015_07_12,2015-07-12,0.25635687383788497,"{""type"":""MultiPoint"",""coordinates"":[]}"
2015_07_28,2015-07-28,0.2984363477528307,"{""type"":""MultiPoint"",""coordinates"":[]}"
2015_08_13,2015-08-13,0.3447919040379538,"{""type"":""MultiPoint"",""coordinates"":[]}"
2015_08_29,2015-08-29,0.4036253260045007,"{""type"":""MultiPoint"",""coordinates"":[]}"
2015_09_14,2015-09-14,0.5014316304565938,"{""type"":""MultiPoint"",""coordinates"":[]}"
2015_09_30,2015-09-30,0.553614415929666,"{""type"":""MultiPoint"",""coordinates"":[]}"
2015_10_16,2015-10-16,0.5536006037493744,"{""type"":""MultiPoint"",""coordinates"":[]}"
2015_11_01,2015-11-01,0.5264492083553058,"{""type"":""MultiPoint"",""coordinates"":[]}"
2015_11_17,2015-11-17,0.5346700105182433,"{""type"":""MultiPoint"",""coordinates"":[]}"
2015_12_03,2015-12-03,0.5178533630138321,"{""type"":""MultiPoint"",""coordinates"":[]}"
2015_12_19,2015-12-19,0.44667890228716833,"{""type"":""MultiPoint"",""coordinates"":[]}"
2016_01_01,2016-01-01,0.40085853241239827,"{""type"":""MultiPoint"",""coordinates"":[]}"
2016_01_17,2016-01-17,0.3620765892638426,"{""type"":""MultiPoint"",""coordinates"":[]}"
2016_02_02,2016-02-02,0.33053503597210854,"{""type"":""MultiPoint"",""coordinates"":[]}"
2016_02_18,2016-02-18,0.3123281765613695,"{""type"":""MultiPoint"",""coordinates"":[]}"
2016_03_05,2016-03-05,0.2908326116091204,"{""type"":""MultiPoint"",""coordinates"":[]}"
2016_03_21,2016-03-21,0.27053869914678275,"{""type"":""MultiPoint"",""coordinates"":[]}"
2016_04_06,2016-04-06,0.25350848487084704,"{""type"":""MultiPoint"",""coordinates"":[]}"
2016_04_22,2016-04-22,0.23961681302717697,"{""type"":""MultiPoint"",""coordinates"":[]}"
2016_05_08,2016-05-08,0.2610305031504629,"{""type"":""MultiPoint"",""coordinates"":[]}"
2016_05_24,2016-05-24,0.24407395795854206,"{""type"":""MultiPoint"",""coordinates"":[]}"
2016_06_09,2016-06-09,0.2674310971119389,"{""type"":""MultiPoint"",""coordinates"":[]}"
2016_06_25,2016-06-25,0.20492195091312007,"{""type"":""MultiPoint"",""coordinates"":[]}"
2016_07_11,2016-07-11,0.32200631346563735,"{""type"":""MultiPoint"",""coordinates"":[]}"
2016_07_27,2016-07-27,0.36012017800716845,"{""type"":""MultiPoint"",""coordinates"":[]}"
2016_08_12,2016-08-12,0.41604495837549355,"{""type"":""MultiPoint"",""coordinates"":[]}"
2016_08_28,2016-08-28,0.4210097802838564,"{""type"":""MultiPoint"",""coordinates"":[]}"
2016_09_13,2016-09-13,0.3593992431203337,"{""type"":""MultiPoint"",""coordinates"":[]}"
2016_09_29,2016-09-29,0.5711899843201418,"{""type"":""MultiPoint"",""coordinates"":[]}"
2016_10_15,2016-10-15,0.5405786574002877,"{""type"":""MultiPoint"",""coordinates"":[]}"
2016_10_31,2016-10-31,0.5387379408415579,"{""type"":""MultiPoint"",""coordinates"":[]}"
2016_11_16,2016-11-16,0.5370767316188342,"{""type"":""MultiPoint"",""coordinates"":[]}"
2016_12_02,2016-12-02,0.4973847456860679,"{""type"":""MultiPoint"",""coordinates"":[]}"
2016_12_18,2016-12-18,0.4608486272733298,"{""type"":""MultiPoint"",""coordinates"":[]}"
2017_01_01,2017-01-01,0.4167513719061755,"{""type"":""MultiPoint"",""coordinates"":[]}"
2017_01_17,2017-01-17,0.3782236063879446,"{""type"":""MultiPoint"",""coordinates"":[]}"
2017_02_02,2017-02-02,0.355182484139561,"{""type"":""MultiPoint"",""coordinates"":[]}"
2017_02_18,2017-02-18,0.33416861976563056,"{""type"":""MultiPoint"",""coordinates"":[]}"
2017_03_06,2017-03-06,0.3183747479232211,"{""type"":""MultiPoint"",""coordinates"":[]}"
2017_03_22,2017-03-22,0.2984354331912272,"{""type"":""MultiPoint"",""coordinates"":[]}"
2017_04_07,2017-04-07,0.28393500694335805,"{""type"":""MultiPoint"",""coordinates"":[]}"
2017_04_23,2017-04-23,0.26806351924962807,"{""type"":""MultiPoint"",""coordinates"":[]}"
2017_05_09,2017-05-09,0.2740648171413262,"{""type"":""MultiPoint"",""coordinates"":[]}"
2017_05_25,2017-05-25,0.27103856923979297,"{""type"":""MultiPoint"",""coordinates"":[]}"
2017_06_10,2017-06-10,0.28027834514187433,"{""type"":""MultiPoint"",""coordinates"":[]}"
2017_06_26,2017-06-26,0.26761889296038915,"{""type"":""MultiPoint"",""coordinates"":[]}"
2017_07_12,2017-07-12,0.3203470078525307,"{""type"":""MultiPoint"",""coordinates"":[]}"
2017_07_28,2017-07-28,0.32447064138288356,"{""type"":""MultiPoint"",""coordinates"":[]}"
2017_08_13,2017-08-13,0.34015474048478644,"{""type"":""MultiPoint"",""coordinates"":[]}"
2017_08_29,2017-08-29,0.5208309585504877,"{""type"":""MultiPoint"",""coordinates"":[]}"
2017_09_14,2017-09-14,0.5398081769709292,"{""type"":""MultiPoint"",""coordinates"":[]}"
2017_09_30,2017-09-30,0.5101733711177376,"{""type"":""MultiPoint"",""coordinates"":[]}"
2017_10_16,2017-10-16,0.5998324792544207,"{""type"":""MultiPoint"",""coordinates"":[]}"
2017_11_01,2017-11-01,0.591161019551748,"{""type"":""MultiPoint"",""coordinates"":[]}"
2017_11_17,2017-11-17,0.5809455662045708,"{""type"":""MultiPoint"",""coordinates"":[]}"
2017_12_03,2017-12-03,0.5451623288121816,"{""type"":""MultiPoint"",""coordinates"":[]}"
2017_12_19,2017-12-19,0.5147895827314733,"{""type"":""MultiPoint"",""coordinates"":[]}"
2018_01_01,2018-01-01,0.43452848923514936,"{""type"":""MultiPoint"",""coordinates"":[]}"
2018_01_17,2018-01-17,0.4071100818096626,"{""type"":""MultiPoint"",""coordinates"":[]}"
2018_02_02,2018-02-02,0.38262537976460154,"{""type"":""MultiPoint"",""coordinates"":[]}"
2018_02_18,2018-02-18,0.35050941206031816,"{""type"":""MultiPoint"",""coordinates"":[]}"
2018_03_06,2018-03-06,0.3347302134679663,"{""type"":""MultiPoint"",""coordinates"":[]}"
2018_03_22,2018-03-22,0.31676205139946845,"{""type"":""MultiPoint"",""coordinates"":[]}"
2018_04_07,2018-04-07,0.3046733235601911,"{""type"":""MultiPoint"",""coordinates"":[]}"
2018_04_23,2018-04-23,0.28066351296372927,"{""type"":""MultiPoint"",""coordinates"":[]}"
2018_05_09,2018-05-09,0.28842623326550965,"{""type"":""MultiPoint"",""coordinates"":[]}"
2018_05_25,2018-05-25,0.29511296080135563,"{""type"":""MultiPoint"",""coordinates"":[]}"
2018_06_10,2018-06-10,0.3346117583188036,"{""type"":""MultiPoint"",""coordinates"":[]}"
2018_06_26,2018-06-26,0.21648689629651408,"{""type"":""MultiPoint"",""coordinates"":[]}"
2018_07_12,2018-07-12,0.15601834748833354,"{""type"":""MultiPoint"",""coordinates"":[]}"
2018_07_28,2018-07-28,0.2529166026287602,"{""type"":""MultiPoint"",""coordinates"":[]}"
2018_08_13,2018-08-13,0.249126613520016,"{""type"":""MultiPoint"",""coordinates"":[]}"
2018_08_29,2018-08-29,0.40999151117960664,"{""type"":""MultiPoint"",""coordinates"":[]}"
2018_09_14,2018-09-14,0.4520574424368518,"{""type"":""MultiPoint"",""coordinates"":[]}"
2018_09_30,2018-09-30,0.4806533479404785,"{""type"":""MultiPoint"",""coordinates"":[]}"
2018_10_16,2018-10-16,0.49208311499268276,"{""type"":""MultiPoint"",""coordinates"":[]}"
2018_11_01,2018-11-01,0.48396942974425733,"{""type"":""MultiPoint"",""coordinates"":[]}"
2018_11_17,2018-11-17,0.45989840302366575,"{""type"":""MultiPoint"",""coordinates"":[]}"
2018_12_03,2018-12-03,0.4367060437550558,"{""type"":""MultiPoint"",""coordinates"":[]}"
2018_12_19,2018-12-19,0.39989988825494377,"{""type"":""MultiPoint"",""coordinates"":[]}"
2019_01_01,2019-01-01,0.365683824451376,"{""type"":""MultiPoint"",""coordinates"":[]}"
2019_01_17,2019-01-17,0.34264062558574715,"{""type"":""MultiPoint"",""coordinates"":[]}"
2019_02_02,2019-02-02,0.3335085800891997,"{""type"":""MultiPoint"",""coordinates"":[]}"
2019_02_18,2019-02-18,0.30703791797970564,"{""type"":""MultiPoint"",""coordinates"":[]}"
2019_03_06,2019-03-06,0.2880071590771553,"{""type"":""MultiPoint"",""coordinates"":[]}"
2019_03_22,2019-03-22,0.27606250704895446,"{""type"":""MultiPoint"",""coordinates"":[]}"
2019_04_07,2019-04-07,0.2673781331587792,"{""type"":""MultiPoint"",""coordinates"":[]}"
2019_04_23,2019-04-23,0.25605764082454147,"{""type"":""MultiPoint"",""coordinates"":[]}"
2019_05_09,2019-05-09,0.25593839460620027,"{""type"":""MultiPoint"",""coordinates"":[]}"
2019_05_25,2019-05-25,0.2592823870138059,"{""type"":""MultiPoint"",""coordinates"":[]}"
2019_06_10,2019-06-10,0.26436954962665,"{""type"":""MultiPoint"",""coordinates"":[]}"
2019_06_26,2019-06-26,0.21979758301279542,"{""type"":""MultiPoint"",""coordinates"":[]}"
2019_07_12,2019-07-12,0.2590050433339527,"{""type"":""MultiPoint"",""coordinates"":[]}"
2019_07_28,2019-07-28,0.21447157975995162,"{""type"":""MultiPoint"",""coordinates"":[]}"
2019_08_13,2019-08-13,0.3221525210616327,"{""type"":""MultiPoint"",""coordinates"":[]}"
2019_08_29,2019-08-29,0.31671644037055785,"{""type"":""MultiPoint"",""coordinates"":[]}"
2019_09_14,2019-09-14,0.4812748261281384,"{""type"":""MultiPoint"",""coordinates"":[]}"
2019_09_30,2019-09-30,0.5958162423345831,"{""type"":""MultiPoint"",""coordinates"":[]}"
2019_10_16,2019-10-16,0.6287429822912972,"{""type"":""MultiPoint"",""coordinates"":[]}"
2019_11_01,2019-11-01,0.642844779587689,"{""type"":""MultiPoint"",""coordinates"":[]}"
2019_11_17,2019-11-17,0.6229870957038519,"{""type"":""MultiPoint"",""coordinates"":[]}"
2019_12_03,2019-12-03,0.5609074825201855,"{""type"":""MultiPoint"",""coordinates"":[]}"
2019_12_19,2019-12-19,0.49801636240854175,"{""type"":""MultiPoint"",""coordinates"":[]}"
2020_01_01,2020-01-01,0.45644531619217027,"{""type"":""MultiPoint"",""coordinates"":[]}"
2020_01_17,2020-01-17,0.4325496876591171,"{""type"":""MultiPoint"",""coordinates"":[]}"
2020_02_02,2020-02-02,0.3985984840827573,"{""type"":""MultiPoint"",""coordinates"":[]}"
2020_02_18,2020-02-18,0.3706450368427751,"{""type"":""MultiPoint"",""coordinates"":[]}"
2020_03_05,2020-03-05,0.35503378455087803,"{""type"":""MultiPoint"",""coordinates"":[]}"
2020_03_21,2020-03-21,0.3376590284375497,"{""type"":""MultiPoint"",""coordinates"":[]}"
2020_04_06,2020-04-06,0.3254881606929505,"{""type"":""MultiPoint"",""coordinates"":[]}"
2020_04_22,2020-04-22,0.29820394413636275,"{""type"":""MultiPoint"",""coordinates"":[]}"
2020_05_08,2020-05-08,0.2885600152640941,"{""type"":""MultiPoint"",""coordinates"":[]}"
2020_05_24,2020-05-24,0.29823028561948556,"{""type"":""MultiPoint"",""coordinates"":[]}"
2020_06_09,2020-06-09,0.3335452630802392,"{""type"":""MultiPoint"",""coordinates"":[]}"
2020_06_25,2020-06-25,0.368784649836995,"{""type"":""MultiPoint"",""coordinates"":[]}"
2020_07_11,2020-07-11,0.3729549769821876,"{""type"":""MultiPoint"",""coordinates"":[]}"
2020_07_27,2020-07-27,0.3598864329227829,"{""type"":""MultiPoint"",""coordinates"":[]}"
2020_08_12,2020-08-12,0.3626407439885148,"{""type"":""MultiPoint"",""coordinates"":[]}"
2020_08_28,2020-08-28,0.5546605182886065,"{""type"":""MultiPoint"",""coordinates"":[]}"
2020_09_13,2020-09-13,0.4667312037216158,"{""type"":""MultiPoint"",""coordinates"":[]}"
2020_09_29,2020-09-29,0.5916523872605504,"{""type"":""MultiPoint"",""coordinates"":[]}"
2020_10_15,2020-10-15,0.6303419303147194,"{""type"":""MultiPoint"",""coordinates"":[]}"
2020_10_31,2020-10-31,0.6039996080943951,"{""type"":""MultiPoint"",""coordinates"":[]}"
2020_11_16,2020-11-16,0.5787689192459736,"{""type"":""MultiPoint"",""coordinates"":[]}"
2020_12_02,2020-12-02,0.5757674951905554,"{""type"":""MultiPoint"",""coordinates"":[]}"
2020_12_18,2020-12-18,0.5416651752632755,"{""type"":""MultiPoint"",""coordinates"":[]}"
2021_01_01,2021-01-01,0.5183404459688941,"{""type"":""MultiPoint"",""coordinates"":[]}"
2021_01_17,2021-01-17,0.49047036110297715,"{""type"":""MultiPoint"",""coordinates"":[]}"
2021_02_02,2021-02-02,0.4294199796521074,"{""type"":""MultiPoint"",""coordinates"":[]}"
2021_02_18,2021-02-18,0.4211241814640474,"{""type"":""MultiPoint"",""coordinates"":[]}"
2021_03_06,2021-03-06,0.38441532074127777,"{""type"":""MultiPoint"",""coordinates"":[]}"
2021_03_22,2021-03-22,0.34048155750889564,"{""type"":""MultiPoint"",""coordinates"":[]}"
2021_04_07,2021-04-07,0.3408847201205182,"{""type"":""MultiPoint"",""coordinates"":[]}"
2021_04_23,2021-04-23,0.3323806997732925,"{""type"":""MultiPoint"",""coordinates"":[]}"
2021_05_09,2021-05-09,0.3420732324464185,"{""type"":""MultiPoint"",""coordinates"":[]}"
2021_05_25,2021-05-25,0.38508083076521193,"{""type"":""MultiPoint"",""coordinates"":[]}"
2021_06_10,2021-06-10,0.3145653962871291,"{""type"":""MultiPoint"",""coordinates"":[]}"
2021_06_26,2021-06-26,0.37409870497774106,"{""type"":""MultiPoint"",""coordinates"":[]}"
2021_07_12,2021-07-12,0.3274256159143548,"{""type"":""MultiPoint"",""coordinates"":[]}"
2021_07_28,2021-07-28,0.3799114794381259,"{""type"":""MultiPoint"",""coordinates"":[]}"
2021_08_13,2021-08-13,0.49931369250060886,"{""type"":""MultiPoint"",""coordinates"":[]}"
2021_08_29,2021-08-29,0.41418112948002145,"{""type"":""MultiPoint"",""coordinates"":[]}"
2021_09_14,2021-09-14,0.4930118742845474,"{""type"":""MultiPoint"",""coordinates"":[]}"
2021_09_30,2021-09-30,0.5574764624747729,"{""type"":""MultiPoint"",""coordinates"":[]}"
2021_10_16,2021-10-16,0.601427321299229,"{""type"":""MultiPoint"",""coordinates"":[]}"
2021_11_01,2021-11-01,0.4540471260873719,"{""type"":""MultiPoint"",""coordinates"":[]}"
2021_11_17,2021-11-17,0.5916146352895073,"{""type"":""MultiPoint"",""coordinates"":[]}"
2021_12_03,2021-12-03,0.592648772682524,"{""type"":""MultiPoint"",""coordinates"":[]}"
2021_12_19,2021-12-19,0.5403096918253096,"{""type"":""MultiPoint"",""coordinates"":[]}"
2022_01_01,2022-01-01,0.5123071456656179,"{""type"":""MultiPoint"",""coordinates"":[]}"
2022_01_17,2022-01-17,0.449161232654211,"{""type"":""MultiPoint"",""coordinates"":[]}"
2022_02_02,2022-02-02,0.43805106181920356,"{""type"":""MultiPoint"",""coordinates"":[]}"
2022_02_18,2022-02-18,0.39074140847299565,"{""type"":""MultiPoint"",""coordinates"":[]}"
2022_03_06,2022-03-06,0.36216186718132237,"{""type"":""MultiPoint"",""coordinates"":[]}"
2022_03_22,2022-03-22,0.3385418924505423,"{""type"":""MultiPoint"",""coordinates"":[]}"
2022_04_07,2022-04-07,0.3261968388978621,"{""type"":""MultiPoint"",""coordinates"":[]}"
2022_04_23,2022-04-23,0.3027703805659066,"{""type"":""MultiPoint"",""coordinates"":[]}"
2022_05_09,2022-05-09,0.30109128049898715,"{""type"":""MultiPoint"",""coordinates"":[]}"
2022_05_25,2022-05-25,0.3467773397597187,"{""type"":""MultiPoint"",""coordinates"":[]}"
2022_06_10,2022-06-10,0.3537413807342711,"{""type"":""MultiPoint"",""coordinates"":[]}"
2022_06_26,2022-06-26,0.16071536955700155,"{""type"":""MultiPoint"",""coordinates"":[]}"
2022_07_12,2022-07-12,0.37083290880168,"{""type"":""MultiPoint"",""coordinates"":[]}"
2022_07_28,2022-07-28,0.451080011210166,"{""type"":""MultiPoint"",""coordinates"":[]}"
2022_08_13,2022-08-13,0.4495643644712188,"{""type"":""MultiPoint"",""coordinates"":[]}"
2022_08_29,2022-08-29,0.5094218529428681,"{""type"":""MultiPoint"",""coordinates"":[]}"
2022_09_14,2022-09-14,0.5381858388147638,"{""type"":""MultiPoint"",""coordinates"":[]}"
2022_09_30,2022-09-30,0.42543978082915707,"{""type"":""MultiPoint"",""coordinates"":[]}"
2022_10_16,2022-10-16,0.6048829271490009,"{""type"":""MultiPoint"",""coordinates"":[]}"
2022_11_01,2022-11-01,0.5812788701003133,"{""type"":""MultiPoint"",""coordinates"":[]}"
2022_11_17,2022-11-17,0.5696399844739536,"{""type"":""MultiPoint"",""coordinates"":[]}"
2022_12_03,2022-12-03,0.5603200921662878,"{""type"":""MultiPoint"",""coordinates"":[]}"
2022_12_19,2022-12-19,0.5456554838075063,"{""type"":""MultiPoint"",""coordinates"":[]}"
2023_01_01,2023-01-01,0.5131437892343359,"{""type"":""MultiPoint"",""coordinates"":[]}"
2023_01_17,2023-01-17,0.47706494579715963,"{""type"":""MultiPoint"",""coordinates"":[]}"
2023_02_02,2023-02-02,0.42011050953137463,"{""type"":""MultiPoint"",""coordinates"":[]}"
2023_02_18,2023-02-18,0.3906068751434741,"{""type"":""MultiPoint"",""coordinates"":[]}"
2023_03_06,2023-03-06,0.3715165914772144,"{""type"":""MultiPoint"",""coordinates"":[]}"
2023_03_22,2023-03-22,0.3522025155241605,"{""type"":""MultiPoint"",""coordinates"":[]}"
2023_04_07,2023-04-07,0.32679271607556953,"{""type"":""MultiPoint"",""coordinates"":[]}"
2023_04_23,2023-04-23,0.32575007951896007,"{""type"":""MultiPoint"",""coordinates"":[]}"
2023_05_09,2023-05-09,0.3662774641575898,"{""type"":""MultiPoint"",""coordinates"":[]}"
2023_05_25,2023-05-25,0.3461549089601945,"{""type"":""MultiPoint"",""coordinates"":[]}"
2023_06_10,2023-06-10,0.3418868985902101,"{""type"":""MultiPoint"",""coordinates"":[]}"
2023_06_26,2023-06-26,0.3087276116479269,"{""type"":""MultiPoint"",""coordinates"":[]}"
2023_07_12,2023-07-12,0.21853140873857727,"{""type"":""MultiPoint"",""coordinates"":[]}"
2023_07_28,2023-07-28,0.4064292218679152,"{""type"":""MultiPoint"",""coordinates"":[]}"
2023_08_13,2023-08-13,0.45509613183462183,"{""type"":""MultiPoint"",""coordinates"":[]}"
2023_08_29,2023-08-29,0.4858395851596072,"{""type"":""MultiPoint"",""coordinates"":[]}"
2023_09_14,2023-09-14,0.5073267533497199,"{""type"":""MultiPoint"",""coordinates"":[]}"
2023_09_30,2023-09-30,0.5498119369786051,"{""type"":""MultiPoint"",""coordinates"":[]}"
2023_10_16,2023-10-16,0.5097283182538327,"{""type"":""MultiPoint"",""coordinates"":[]}"
2023_11_01,2023-11-01,0.5365303414214366,"{""type"":""MultiPoint"",""coordinates"":[]}"
2023_11_17,2023-11-17,0.5308887812465893,"{""type"":""MultiPoint"",""coordinates"":[]}"
2023_12_03,2023-12-03,0.5092574737199878,"{""type"":""MultiPoint"",""coordinates"":[]}"
2023_12_19,2023-12-19,0.4694622477553509,"{""type"":""MultiPoint"",""coordinates"":[]}"
2024_01_01,2024-01-01,0.43759919822014276,"{""type"":""MultiPoint"",""coordinates"":[]}"
2024_01_17,2024-01-17,0.39101870399509536,"{""type"":""MultiPoint"",""coordinates"":[]}"
2024_02_02,2024-02-02,0.3519737493345508,"{""type"":""MultiPoint"",""coordinates"":[]}"
2024_02_18,2024-02-18,0.33438073905476345,"{""type"":""MultiPoint"",""coordinates"":[]}"
2024_03_05,2024-03-05,0.31131234953905473,"{""type"":""MultiPoint"",""coordinates"":[]}"
2024_03_21,2024-03-21,0.2878230751620211,"{""type"":""MultiPoint"",""coordinates"":[]}"
2024_04_06,2024-04-06,0.2692571104151149,"{""type"":""MultiPoint"",""coordinates"":[]}"
2024_04_22,2024-04-22,0.27026687917633124,"{""type"":""MultiPoint"",""coordinates"":[]}"
2024_05_08,2024-05-08,0.29662688822570105,"{""type"":""MultiPoint"",""coordinates"":[]}"
2024_05_24,2024-05-24,0.3146492057153583,"{""type"":""MultiPoint"",""coordinates"":[]}"
2024_06_09,2024-06-09,0.41714079195474674,"{""type"":""MultiPoint"",""coordinates"":[]}"
2024_06_25,2024-06-25,0.38754058291890636,"{""type"":""MultiPoint"",""coordinates"":[]}"
2024_07_11,2024-07-11,0.2193483022603919,"{""type"":""MultiPoint"",""coordinates"":[]}"
2024_07_27,2024-07-27,0.4063394270193966,"{""type"":""MultiPoint"",""coordinates"":[]}"
2024_08_12,2024-08-12,0.5048247340415449,"{""type"":""MultiPoint"",""coordinates"":[]}"
2024_08_28,2024-08-28,0.45603019241169046,"{""type"":""MultiPoint"",""coordinates"":[]}"
2024_09_13,2024-09-13,0.5907114347684295,"{""type"":""MultiPoint"",""coordinates"":[]}"
2024_09_29,2024-09-29,0.6179283259548527,"{""type"":""MultiPoint"",""coordinates"":[]}"
2024_10_15,2024-10-15,0.6378839795365305,"{""type"":""MultiPoint"",""coordinates"":[]}"
2024_10_31,2024-10-31,0.6223257205732103,"{""type"":""MultiPoint"",""coordinates"":[]}"
2024_11_16,2024-11-16,0.5788330321340529,"{""type"":""MultiPoint"",""coordinates"":[]}"
2024_12_02,2024-12-02,0.5538299447931002,"{""type"":""MultiPoint"",""coordinates"":[]}"
2024_12_18,2024-12-18,0.5257992153833462,"{""type"":""MultiPoint"",""coordinates"":[]}"
2025_01_01,2025-01-01,0.4860830619888193,"{""type"":""MultiPoint"",""coordinates"":[]}"
2025_01_17,2025-01-17,0.4493000188963318,"{""type"":""MultiPoint"",""coordinates"":[]}"
2025_02_02,2025-02-02,0.4179399469488789,"{""type"":""MultiPoint"",""coordinates"":[]}"
2025_02_18,2025-02-18,0.38829229640021173,"{""type"":""MultiPoint"",""coordinates"":[]}"
2025_03_06,2025-03-06,0.3647499135579216,"{""type"":""MultiPoint"",""coordinates"":[]}"
2025_03_22,2025-03-22,0.34349003391278415,"{""type"":""MultiPoint"",""coordinates"":[]}"
2025_04_07,2025-04-07,0.33254413671619737,"{""type"":""MultiPoint"",""coordinates"":[]}"
2025_04_23,2025-04-23,0.3283558472042024,"{""type"":""MultiPoint"",""coordinates"":[]}"
2025_05_09,2025-05-09,0.3369189157474409,"{""type"":""MultiPoint"",""coordinates"":[]}"
2025_05_25,2025-05-25,0.387370031819779,"{""type"":""MultiPoint"",""coordinates"":[]}"
2025_06_10,2025-06-10,0.35561310015635816,"{""type"":""MultiPoint"",""coordinates"":[]}"
2025_06_26,2025-06-26,0.34221414728662697,"{""type"":""MultiPoint"",""coordinates"":[]}"
2025_07_12,2025-07-12,0.3308733343994079,"{""type"":""MultiPoint"",""coordinates"":[]}"
2025_07_28,2025-07-28,0.41899762132016777,"{""type"":""MultiPoint"",""coordinates"":[]}"
2025_08_13,2025-08-13,0.49417063374631853,"{""type"":""MultiPoint"",""coordinates"":[]}"
2025_08_29,2025-08-29,0.5969856703592857,"{""type"":""MultiPoint"",""coordinates"":[]}"
2025_09_14,2025-09-14,0.5179767941495828,"{""type"":""MultiPoint"",""coordinates"":[]}"
2025_09_30,2025-09-30,0.6217880514005295,"{""type"":""MultiPoint"",""coordinates"":[]}"
2025_10_16,2025-10-16,0.6091916881195358,"{""type"":""MultiPoint"",""coordinates"":[]}"
2025_11_01,2025-11-01,0.6165565896082856,"{""type"":""MultiPoint"",""coordinates"":[]}"
2025_11_17,2025-11-17,0.572673505759191,"{""type"":""MultiPoint"",""coordinates"":[]}"
2025_12_03,2025-12-03,0.5299444048911849,"{""type"":""MultiPoint"",""coordinates"":[]}"
2025_12_19,2025-12-19,0.5056466790446009,"{""type"":""MultiPoint"",""coordinates"":[]}"
