system:index,date,rainfall_mm_month,.geo
0,2001-01-01,5.328585868092772,"{""type"":""MultiPoint"",""coordinates"":[]}"
1,2001-02-01,0.0,"{""type"":""MultiPoint"",""coordinates"":[]}"
2,2001-03-01,5.463476292743602,"{""type"":""MultiPoint"",""coordinates"":[]}"
3,2001-04-01,21.876768584117805,"{""type"":""MultiPoint"",""coordinates"":[]}"
4,2001-05-01,20.945800853955024,"{""type"":""MultiPoint"",""coordinates"":[]}"
5,2001-06-01,104.09538358598772,"{""type"":""MultiPoint"",""coordinates"":[]}"
6,2001-07-01,92.18144855665585,"{""type"":""MultiPoint"",""coordinates"":[]}"
7,2001-08-01,147.04140223400844,"{""type"":""MultiPoint"",""coordinates"":[]}"
8,2001-09-01,173.7072465325423,"{""type"":""MultiPoint"",""coordinates"":[]}"
9,2001-10-01,229.5308551766775,"{""type"":""MultiPoint"",""coordinates"":[]}"
10,2001-11-01,60.84895095994672,"{""type"":""MultiPoint"",""coordinates"":[]}"
11,2001-12-01,8.41002319732123,"{""type"":""MultiPoint"",""coordinates"":[]}"
12,2002-01-01,1.9096631162235742,"{""type"":""MultiPoint"",""coordinates"":[]}"
13,2002-02-01,3.1638070663641082,"{""type"":""MultiPoint"",""coordinates"":[]}"
14,2002-03-01,6.3686746930196545,"{""type"":""MultiPoint"",""coordinates"":[]}"
15,2002-04-01,5.501701891861914,"{""type"":""MultiPoint"",""coordinates"":[]}"
16,2002-05-01,92.22674145138446,"{""type"":""MultiPoint"",""coordinates"":[]}"
17,2002-06-01,110.25290439472613,"{""type"":""MultiPoint"",""coordinates"":[]}"
18,2002-07-01,57.31304729919213,"{""type"":""MultiPoint"",""coordinates"":[]}"
19,2002-08-01,147.50442578455923,"{""type"":""MultiPoint"",""coordinates"":[]}"
20,2002-09-01,67.58711069314428,"{""type"":""MultiPoint"",""coordinates"":[]}"
21,2002-10-01,348.95925049904173,"{""type"":""MultiPoint"",""coordinates"":[]}"
22,2002-11-01,33.323893153690285,"{""type"":""MultiPoint"",""coordinates"":[]}"
23,2002-12-01,3.985415289320412,"{""type"":""MultiPoint"",""coordinates"":[]}"
24,2003-01-01,0.9178046565109668,"{""type"":""MultiPoint"",""coordinates"":[]}"
25,2003-02-01,0.0,"{""type"":""MultiPoint"",""coordinates"":[]}"
26,2003-03-01,5.032997001823622,"{""type"":""MultiPoint"",""coordinates"":[]}"
27,2003-04-01,10.387957861056474,"{""type"":""MultiPoint"",""coordinates"":[]}"
28,2003-05-01,22.985961498829727,"{""type"":""MultiPoint"",""coordinates"":[]}"
29,2003-06-01,80.2881739397181,"{""type"":""MultiPoint"",""coordinates"":[]}"
30,2003-07-01,138.40144192798311,"{""type"":""MultiPoint"",""coordinates"":[]}"
31,2003-08-01,109.20572890962112,"{""type"":""MultiPoint"",""coordinates"":[]}"
32,2003-09-01,114.60378475929089,"{""type"":""MultiPoint"",""coordinates"":[]}"
33,2003-10-01,216.06362002382392,"{""type"":""MultiPoint"",""coordinates"":[]}"
34,2003-11-01,16.116750333617553,"{""type"":""MultiPoint"",""coordinates"":[]}"
35,2003-12-01,9.039091862799882,"{""type"":""MultiPoint"",""coordinates"":[]}"
36,2004-01-01,0.5590136048799422,"{""type"":""MultiPoint"",""coordinates"":[]}"
37,2004-02-01,0.3787707304619346,"{""type"":""MultiPoint"",""coordinates"":[]}"
38,2004-03-01,6.962358556228409,"{""type"":""MultiPoint"",""coordinates"":[]}"
39,2004-04-01,28.358153772273607,"{""type"":""MultiPoint"",""coordinates"":[]}"
40,2004-05-01,89.76961992776795,"{""type"":""MultiPoint"",""coordinates"":[]}"
41,2004-06-01,56.46910475422065,"{""type"":""MultiPoint"",""coordinates"":[]}"
42,2004-07-01,151.6450360406979,"{""type"":""MultiPoint"",""coordinates"":[]}"
43,2004-08-01,57.95744624555903,"{""type"":""MultiPoint"",""coordinates"":[]}"
44,2004-09-01,176.40538718906436,"{""type"":""MultiPoint"",""coordinates"":[]}"
45,2004-10-01,130.3866065434286,"{""type"":""MultiPoint"",""coordinates"":[]}"
46,2004-11-01,38.559056408871115,"{""type"":""MultiPoint"",""coordinates"":[]}"
47,2004-12-01,2.2094560880530163,"{""type"":""MultiPoint"",""coordinates"":[]}"
48,2005-01-01,0.3507150514745449,"{""type"":""MultiPoint"",""coordinates"":[]}"
49,2005-02-01,0.0,"{""type"":""MultiPoint"",""coordinates"":[]}"
50,2005-03-01,7.2070680483273435,"{""type"":""MultiPoint"",""coordinates"":[]}"
51,2005-04-01,18.553429534817752,"{""type"":""MultiPoint"",""coordinates"":[]}"
52,2005-05-01,60.68583695979029,"{""type"":""MultiPoint"",""coordinates"":[]}"
53,2005-06-01,70.56271956290571,"{""type"":""MultiPoint"",""coordinates"":[]}"
54,2005-07-01,156.07989625322068,"{""type"":""MultiPoint"",""coordinates"":[]}"
55,2005-08-01,109.21152203167306,"{""type"":""MultiPoint"",""coordinates"":[]}"
56,2005-09-01,207.70591932778677,"{""type"":""MultiPoint"",""coordinates"":[]}"
57,2005-10-01,413.8660902600038,"{""type"":""MultiPoint"",""coordinates"":[]}"
58,2005-11-01,71.66044631729383,"{""type"":""MultiPoint"",""coordinates"":[]}"
59,2005-12-01,17.61224333485028,"{""type"":""MultiPoint"",""coordinates"":[]}"
60,2006-01-01,0.27660605148423706,"{""type"":""MultiPoint"",""coordinates"":[]}"
61,2006-02-01,0.15968177262205135,"{""type"":""MultiPoint"",""coordinates"":[]}"
62,2006-03-01,11.600943933258621,"{""type"":""MultiPoint"",""coordinates"":[]}"
63,2006-04-01,17.443302624935004,"{""type"":""MultiPoint"",""coordinates"":[]}"
64,2006-05-01,108.65350193102702,"{""type"":""MultiPoint"",""coordinates"":[]}"
65,2006-06-01,112.1293749366128,"{""type"":""MultiPoint"",""coordinates"":[]}"
66,2006-07-01,109.78979489858777,"{""type"":""MultiPoint"",""coordinates"":[]}"
67,2006-08-01,105.15555944856132,"{""type"":""MultiPoint"",""coordinates"":[]}"
68,2006-09-01,151.519654171836,"{""type"":""MultiPoint"",""coordinates"":[]}"
69,2006-10-01,163.84275679381696,"{""type"":""MultiPoint"",""coordinates"":[]}"
70,2006-11-01,93.90478210032747,"{""type"":""MultiPoint"",""coordinates"":[]}"
71,2006-12-01,3.4112785045222536,"{""type"":""MultiPoint"",""coordinates"":[]}"
72,2007-01-01,1.5724146070441567,"{""type"":""MultiPoint"",""coordinates"":[]}"
73,2007-02-01,5.249005319927728E-4,"{""type"":""MultiPoint"",""coordinates"":[]}"
74,2007-03-01,0.08447635799806051,"{""type"":""MultiPoint"",""coordinates"":[]}"
75,2007-04-01,10.186458976019708,"{""type"":""MultiPoint"",""coordinates"":[]}"
76,2007-05-01,49.14782805970569,"{""type"":""MultiPoint"",""coordinates"":[]}"
77,2007-06-01,258.1691451210567,"{""type"":""MultiPoint"",""coordinates"":[]}"
78,2007-07-01,145.86090040059744,"{""type"":""MultiPoint"",""coordinates"":[]}"
79,2007-08-01,207.4294232772003,"{""type"":""MultiPoint"",""coordinates"":[]}"
80,2007-09-01,192.6492831570576,"{""type"":""MultiPoint"",""coordinates"":[]}"
81,2007-10-01,208.67436351432653,"{""type"":""MultiPoint"",""coordinates"":[]}"
82,2007-11-01,30.0967696332778,"{""type"":""MultiPoint"",""coordinates"":[]}"
83,2007-12-01,6.311821441753141,"{""type"":""MultiPoint"",""coordinates"":[]}"
84,2008-01-01,0.799326402347941,"{""type"":""MultiPoint"",""coordinates"":[]}"
85,2008-02-01,9.086194895504267,"{""type"":""MultiPoint"",""coordinates"":[]}"
86,2008-03-01,17.003756384273494,"{""type"":""MultiPoint"",""coordinates"":[]}"
87,2008-04-01,4.513345779874508,"{""type"":""MultiPoint"",""coordinates"":[]}"
88,2008-05-01,29.55305085162511,"{""type"":""MultiPoint"",""coordinates"":[]}"
89,2008-06-01,79.19739256788891,"{""type"":""MultiPoint"",""coordinates"":[]}"
90,2008-07-01,109.5005444379999,"{""type"":""MultiPoint"",""coordinates"":[]}"
91,2008-08-01,223.69240511496116,"{""type"":""MultiPoint"",""coordinates"":[]}"
92,2008-09-01,116.7068822892166,"{""type"":""MultiPoint"",""coordinates"":[]}"
93,2008-10-01,114.44364651768119,"{""type"":""MultiPoint"",""coordinates"":[]}"
94,2008-11-01,145.2489450436194,"{""type"":""MultiPoint"",""coordinates"":[]}"
95,2008-12-01,3.4832343291170176,"{""type"":""MultiPoint"",""coordinates"":[]}"
96,2009-01-01,0.3156150155243035,"{""type"":""MultiPoint"",""coordinates"":[]}"
97,2009-02-01,0.0,"{""type"":""MultiPoint"",""coordinates"":[]}"
98,2009-03-01,1.6644155869124913,"{""type"":""MultiPoint"",""coordinates"":[]}"
99,2009-04-01,10.017081097249834,"{""type"":""MultiPoint"",""coordinates"":[]}"
100,2009-05-01,98.2148734777956,"{""type"":""MultiPoint"",""coordinates"":[]}"
101,2009-06-01,65.46647101351178,"{""type"":""MultiPoint"",""coordinates"":[]}"
102,2009-07-01,58.09046302269111,"{""type"":""MultiPoint"",""coordinates"":[]}"
103,2009-08-01,193.03239410028482,"{""type"":""MultiPoint"",""coordinates"":[]}"
104,2009-09-01,119.52887393844392,"{""type"":""MultiPoint"",""coordinates"":[]}"
105,2009-10-01,32.827185099033684,"{""type"":""MultiPoint"",""coordinates"":[]}"
106,2009-11-01,149.7895807165516,"{""type"":""MultiPoint"",""coordinates"":[]}"
107,2009-12-01,11.688975920786069,"{""type"":""MultiPoint"",""coordinates"":[]}"
108,2010-01-01,1.1253998307451318,"{""type"":""MultiPoint"",""coordinates"":[]}"
109,2010-02-01,1.438560751205504,"{""type"":""MultiPoint"",""coordinates"":[]}"
110,2010-03-01,8.252290006525511,"{""type"":""MultiPoint"",""coordinates"":[]}"
111,2010-04-01,23.061210014352145,"{""type"":""MultiPoint"",""coordinates"":[]}"
112,2010-05-01,67.24585473288984,"{""type"":""MultiPoint"",""coordinates"":[]}"
113,2010-06-01,120.31713920850508,"{""type"":""MultiPoint"",""coordinates"":[]}"
114,2010-07-01,225.34144681581571,"{""type"":""MultiPoint"",""coordinates"":[]}"
115,2010-08-01,248.87160907468686,"{""type"":""MultiPoint"",""coordinates"":[]}"
116,2010-09-01,203.45030634520413,"{""type"":""MultiPoint"",""coordinates"":[]}"
117,2010-10-01,258.0413675051763,"{""type"":""MultiPoint"",""coordinates"":[]}"
118,2010-11-01,181.44660600183823,"{""type"":""MultiPoint"",""coordinates"":[]}"
119,2010-12-01,34.08360754289389,"{""type"":""MultiPoint"",""coordinates"":[]}"
120,2011-01-01,0.4887008085033804,"{""type"":""MultiPoint"",""coordinates"":[]}"
121,2011-02-01,1.797112221991126,"{""type"":""MultiPoint"",""coordinates"":[]}"
122,2011-03-01,0.25252361097839965,"{""type"":""MultiPoint"",""coordinates"":[]}"
123,2011-04-01,24.503754651119745,"{""type"":""MultiPoint"",""coordinates"":[]}"
124,2011-05-01,54.22502964269923,"{""type"":""MultiPoint"",""coordinates"":[]}"
125,2011-06-01,56.92218125356739,"{""type"":""MultiPoint"",""coordinates"":[]}"
126,2011-07-01,141.5013061162944,"{""type"":""MultiPoint"",""coordinates"":[]}"
127,2011-08-01,170.43687600326768,"{""type"":""MultiPoint"",""coordinates"":[]}"
128,2011-09-01,71.77306180908607,"{""type"":""MultiPoint"",""coordinates"":[]}"
129,2011-10-01,142.19893216357548,"{""type"":""MultiPoint"",""coordinates"":[]}"
130,2011-11-01,57.76571363543404,"{""type"":""MultiPoint"",""coordinates"":[]}"
131,2011-12-01,4.190748292877495,"{""type"":""MultiPoint"",""coordinates"":[]}"
132,2012-01-01,0.6761710199243626,"{""type"":""MultiPoint"",""coordinates"":[]}"
133,2012-02-01,0.28440916008072936,"{""type"":""MultiPoint"",""coordinates"":[]}"
134,2012-03-01,3.1535985646680262,"{""type"":""MultiPoint"",""coordinates"":[]}"
135,2012-04-01,33.88245436312881,"{""type"":""MultiPoint"",""coordinates"":[]}"
136,2012-05-01,34.295288341453585,"{""type"":""MultiPoint"",""coordinates"":[]}"
137,2012-06-01,55.92524521481261,"{""type"":""MultiPoint"",""coordinates"":[]}"
138,2012-07-01,175.85573356137735,"{""type"":""MultiPoint"",""coordinates"":[]}"
139,2012-08-01,121.76900576862711,"{""type"":""MultiPoint"",""coordinates"":[]}"
140,2012-09-01,163.89150729778746,"{""type"":""MultiPoint"",""coordinates"":[]}"
141,2012-10-01,167.04419226754297,"{""type"":""MultiPoint"",""coordinates"":[]}"
142,2012-11-01,81.86297284299587,"{""type"":""MultiPoint"",""coordinates"":[]}"
143,2012-12-01,18.43561329327088,"{""type"":""MultiPoint"",""coordinates"":[]}"
144,2013-01-01,0.6441926005885447,"{""type"":""MultiPoint"",""coordinates"":[]}"
145,2013-02-01,4.952780855225491,"{""type"":""MultiPoint"",""coordinates"":[]}"
146,2013-03-01,5.4733704585567144,"{""type"":""MultiPoint"",""coordinates"":[]}"
147,2013-04-01,16.482738887793218,"{""type"":""MultiPoint"",""coordinates"":[]}"
148,2013-05-01,49.40718531166794,"{""type"":""MultiPoint"",""coordinates"":[]}"
149,2013-06-01,126.63058227074835,"{""type"":""MultiPoint"",""coordinates"":[]}"
150,2013-07-01,142.6225159047748,"{""type"":""MultiPoint"",""coordinates"":[]}"
151,2013-08-01,147.256423612485,"{""type"":""MultiPoint"",""coordinates"":[]}"
152,2013-09-01,187.88640202048649,"{""type"":""MultiPoint"",""coordinates"":[]}"
153,2013-10-01,237.5831179615147,"{""type"":""MultiPoint"",""coordinates"":[]}"
154,2013-11-01,64.2121871322205,"{""type"":""MultiPoint"",""coordinates"":[]}"
155,2013-12-01,3.299537701587285,"{""type"":""MultiPoint"",""coordinates"":[]}"
156,2014-01-01,1.0920964237391375,"{""type"":""MultiPoint"",""coordinates"":[]}"
157,2014-02-01,0.0,"{""type"":""MultiPoint"",""coordinates"":[]}"
158,2014-03-01,0.3980615374012725,"{""type"":""MultiPoint"",""coordinates"":[]}"
159,2014-04-01,6.314178659395313,"{""type"":""MultiPoint"",""coordinates"":[]}"
160,2014-05-01,43.97891010772352,"{""type"":""MultiPoint"",""coordinates"":[]}"
161,2014-06-01,51.95713587250666,"{""type"":""MultiPoint"",""coordinates"":[]}"
162,2014-07-01,115.43281753009703,"{""type"":""MultiPoint"",""coordinates"":[]}"
163,2014-08-01,145.2555263685091,"{""type"":""MultiPoint"",""coordinates"":[]}"
164,2014-09-01,121.9280320835113,"{""type"":""MultiPoint"",""coordinates"":[]}"
165,2014-10-01,139.01279990303843,"{""type"":""MultiPoint"",""coordinates"":[]}"
166,2014-11-01,72.11870361512803,"{""type"":""MultiPoint"",""coordinates"":[]}"
167,2014-12-01,13.033547955753244,"{""type"":""MultiPoint"",""coordinates"":[]}"
168,2015-01-01,0.6719069129033586,"{""type"":""MultiPoint"",""coordinates"":[]}"
169,2015-02-01,7.159214520254606E-4,"{""type"":""MultiPoint"",""coordinates"":[]}"
170,2015-03-01,4.496665516406939,"{""type"":""MultiPoint"",""coordinates"":[]}"
171,2015-04-01,27.676302030186083,"{""type"":""MultiPoint"",""coordinates"":[]}"
172,2015-05-01,30.58599740250697,"{""type"":""MultiPoint"",""coordinates"":[]}"
173,2015-06-01,138.55938396654963,"{""type"":""MultiPoint"",""coordinates"":[]}"
174,2015-07-01,59.57031237104113,"{""type"":""MultiPoint"",""coordinates"":[]}"
175,2015-08-01,109.540605077338,"{""type"":""MultiPoint"",""coordinates"":[]}"
176,2015-09-01,140.08365358080542,"{""type"":""MultiPoint"",""coordinates"":[]}"
177,2015-10-01,77.16817649804662,"{""type"":""MultiPoint"",""coordinates"":[]}"
178,2015-11-01,167.09904409504807,"{""type"":""MultiPoint"",""coordinates"":[]}"
179,2015-12-01,10.722051537763285,"{""type"":""MultiPoint"",""coordinates"":[]}"
180,2016-01-01,1.2048178845537578,"{""type"":""MultiPoint"",""coordinates"":[]}"
181,2016-02-01,0.24612308998232865,"{""type"":""MultiPoint"",""coordinates"":[]}"
182,2016-03-01,3.83524115048278,"{""type"":""MultiPoint"",""coordinates"":[]}"
183,2016-04-01,0.9063874060357366,"{""type"":""MultiPoint"",""coordinates"":[]}"
184,2016-05-01,118.09093030244077,"{""type"":""MultiPoint"",""coordinates"":[]}"
185,2016-06-01,141.045516134259,"{""type"":""MultiPoint"",""coordinates"":[]}"
186,2016-07-01,93.67608111000074,"{""type"":""MultiPoint"",""coordinates"":[]}"
187,2016-08-01,106.68720324167113,"{""type"":""MultiPoint"",""coordinates"":[]}"
188,2016-09-01,157.83126454459347,"{""type"":""MultiPoint"",""coordinates"":[]}"
189,2016-10-01,38.129477732897186,"{""type"":""MultiPoint"",""coordinates"":[]}"
190,2016-11-01,11.28342264967993,"{""type"":""MultiPoint"",""coordinates"":[]}"
191,2016-12-01,17.962855012660658,"{""type"":""MultiPoint"",""coordinates"":[]}"
192,2017-01-01,0.8084355345892112,"{""type"":""MultiPoint"",""coordinates"":[]}"
193,2017-02-01,0.1361928069885761,"{""type"":""MultiPoint"",""coordinates"":[]}"
194,2017-03-01,5.248719876221804,"{""type"":""MultiPoint"",""coordinates"":[]}"
195,2017-04-01,8.89190005345838,"{""type"":""MultiPoint"",""coordinates"":[]}"
196,2017-05-01,39.28040776497518,"{""type"":""MultiPoint"",""coordinates"":[]}"
197,2017-06-01,150.17447648799606,"{""type"":""MultiPoint"",""coordinates"":[]}"
198,2017-07-01,98.8312782768924,"{""type"":""MultiPoint"",""coordinates"":[]}"
199,2017-08-01,194.81528621763619,"{""type"":""MultiPoint"",""coordinates"":[]}"
200,2017-09-01,138.47997865227148,"{""type"":""MultiPoint"",""coordinates"":[]}"
201,2017-10-01,123.10670592490116,"{""type"":""MultiPoint"",""coordinates"":[]}"
202,2017-11-01,33.26589139244757,"{""type"":""MultiPoint"",""coordinates"":[]}"
203,2017-12-01,3.1270776489021928,"{""type"":""MultiPoint"",""coordinates"":[]}"
204,2018-01-01,1.5261726881511437,"{""type"":""MultiPoint"",""coordinates"":[]}"
205,2018-02-01,3.8734127418832234,"{""type"":""MultiPoint"",""coordinates"":[]}"
206,2018-03-01,11.528451238540592,"{""type"":""MultiPoint"",""coordinates"":[]}"
207,2018-04-01,12.99258908256159,"{""type"":""MultiPoint"",""coordinates"":[]}"
208,2018-05-01,36.73672133885321,"{""type"":""MultiPoint"",""coordinates"":[]}"
209,2018-06-01,105.57916980238578,"{""type"":""MultiPoint"",""coordinates"":[]}"
210,2018-07-01,108.23171723612103,"{""type"":""MultiPoint"",""coordinates"":[]}"
211,2018-08-01,142.1554582078214,"{""type"":""MultiPoint"",""coordinates"":[]}"
212,2018-09-01,104.0389682374743,"{""type"":""MultiPoint"",""coordinates"":[]}"
213,2018-10-01,59.899531619738255,"{""type"":""MultiPoint"",""coordinates"":[]}"
214,2018-11-01,25.954810588043088,"{""type"":""MultiPoint"",""coordinates"":[]}"
215,2018-12-01,20.654220014265906,"{""type"":""MultiPoint"",""coordinates"":[]}"
216,2019-01-01,7.023832114299748,"{""type"":""MultiPoint"",""coordinates"":[]}"
217,2019-02-01,0.1262219504300116,"{""type"":""MultiPoint"",""coordinates"":[]}"
218,2019-03-01,1.9659062901130022,"{""type"":""MultiPoint"",""coordinates"":[]}"
219,2019-04-01,17.6337295652197,"{""type"":""MultiPoint"",""coordinates"":[]}"
220,2019-05-01,50.64039360897387,"{""type"":""MultiPoint"",""coordinates"":[]}"
221,2019-06-01,52.87596389575433,"{""type"":""MultiPoint"",""coordinates"":[]}"
222,2019-07-01,143.78693594618647,"{""type"":""MultiPoint"",""coordinates"":[]}"
223,2019-08-01,153.04556814257197,"{""type"":""MultiPoint"",""coordinates"":[]}"
224,2019-09-01,169.96727238455514,"{""type"":""MultiPoint"",""coordinates"":[]}"
225,2019-10-01,249.96843296997514,"{""type"":""MultiPoint"",""coordinates"":[]}"
226,2019-11-01,16.530184288084275,"{""type"":""MultiPoint"",""coordinates"":[]}"
227,2019-12-01,12.911629866369426,"{""type"":""MultiPoint"",""coordinates"":[]}"
228,2020-01-01,6.985924393460141,"{""type"":""MultiPoint"",""coordinates"":[]}"
229,2020-02-01,0.06695541752896793,"{""type"":""MultiPoint"",""coordinates"":[]}"
230,2020-03-01,2.8366365896428842,"{""type"":""MultiPoint"",""coordinates"":[]}"
231,2020-04-01,28.394991510714632,"{""type"":""MultiPoint"",""coordinates"":[]}"
232,2020-05-01,49.37920885935656,"{""type"":""MultiPoint"",""coordinates"":[]}"
233,2020-06-01,124.08045457336573,"{""type"":""MultiPoint"",""coordinates"":[]}"
234,2020-07-01,170.53706020172092,"{""type"":""MultiPoint"",""coordinates"":[]}"
235,2020-08-01,181.73987682337437,"{""type"":""MultiPoint"",""coordinates"":[]}"
236,2020-09-01,290.9705371219851,"{""type"":""MultiPoint"",""coordinates"":[]}"
237,2020-10-01,271.7740898379737,"{""type"":""MultiPoint"",""coordinates"":[]}"
238,2020-11-01,167.97384934812047,"{""type"":""MultiPoint"",""coordinates"":[]}"
239,2020-12-01,18.034737241383482,"{""type"":""MultiPoint"",""coordinates"":[]}"
240,2021-01-01,8.484513218891387,"{""type"":""MultiPoint"",""coordinates"":[]}"
241,2021-02-01,0.7989575345654033,"{""type"":""MultiPoint"",""coordinates"":[]}"
242,2021-03-01,4.3508822626225965E-5,"{""type"":""MultiPoint"",""coordinates"":[]}"
243,2021-04-01,25.38691240393817,"{""type"":""MultiPoint"",""coordinates"":[]}"
244,2021-05-01,53.09777906245991,"{""type"":""MultiPoint"",""coordinates"":[]}"
245,2021-06-01,53.04314688548572,"{""type"":""MultiPoint"",""coordinates"":[]}"
246,2021-07-01,167.92387337338712,"{""type"":""MultiPoint"",""coordinates"":[]}"
247,2021-08-01,190.099387403402,"{""type"":""MultiPoint"",""coordinates"":[]}"
248,2021-09-01,135.3506481809089,"{""type"":""MultiPoint"",""coordinates"":[]}"
249,2021-10-01,128.02029855509392,"{""type"":""MultiPoint"",""coordinates"":[]}"
250,2021-11-01,300.6082590102155,"{""type"":""MultiPoint"",""coordinates"":[]}"
251,2021-12-01,4.919549969171901,"{""type"":""MultiPoint"",""coordinates"":[]}"
252,2022-01-01,7.3434998025338025,"{""type"":""MultiPoint"",""coordinates"":[]}"
253,2022-02-01,7.166656512707392E-4,"{""type"":""MultiPoint"",""coordinates"":[]}"
254,2022-03-01,0.5752267164892386,"{""type"":""MultiPoint"",""coordinates"":[]}"
255,2022-04-01,4.312641569073781,"{""type"":""MultiPoint"",""coordinates"":[]}"
256,2022-05-01,88.71250175193637,"{""type"":""MultiPoint"",""coordinates"":[]}"
257,2022-06-01,163.1767698972753,"{""type"":""MultiPoint"",""coordinates"":[]}"
258,2022-07-01,165.99997959244197,"{""type"":""MultiPoint"",""coordinates"":[]}"
259,2022-08-01,142.50933455220894,"{""type"":""MultiPoint"",""coordinates"":[]}"
260,2022-09-01,158.5429409502394,"{""type"":""MultiPoint"",""coordinates"":[]}"
261,2022-10-01,187.27918229586692,"{""type"":""MultiPoint"",""coordinates"":[]}"
262,2022-11-01,79.76623680184443,"{""type"":""MultiPoint"",""coordinates"":[]}"
263,2022-12-01,36.907850998444204,"{""type"":""MultiPoint"",""coordinates"":[]}"
264,2023-01-01,0.8089215378754083,"{""type"":""MultiPoint"",""coordinates"":[]}"
265,2023-02-01,7.140345792439538E-4,"{""type"":""MultiPoint"",""coordinates"":[]}"
266,2023-03-01,39.66545126245298,"{""type"":""MultiPoint"",""coordinates"":[]}"
267,2023-04-01,26.37920370105714,"{""type"":""MultiPoint"",""coordinates"":[]}"
268,2023-05-01,88.12998552572043,"{""type"":""MultiPoint"",""coordinates"":[]}"
269,2023-06-01,101.26333200520489,"{""type"":""MultiPoint"",""coordinates"":[]}"
270,2023-07-01,134.41557798733206,"{""type"":""MultiPoint"",""coordinates"":[]}"
271,2023-08-01,89.38086517894773,"{""type"":""MultiPoint"",""coordinates"":[]}"
272,2023-09-01,145.2728956428942,"{""type"":""MultiPoint"",""coordinates"":[]}"
273,2023-10-01,23.83809729041092,"{""type"":""MultiPoint"",""coordinates"":[]}"
274,2023-11-01,65.99295941235552,"{""type"":""MultiPoint"",""coordinates"":[]}"
275,2023-12-01,40.180996977384375,"{""type"":""MultiPoint"",""coordinates"":[]}"
276,2024-01-01,0.5988800174348772,"{""type"":""MultiPoint"",""coordinates"":[]}"
277,2024-02-01,0.4171877378368858,"{""type"":""MultiPoint"",""coordinates"":[]}"
278,2024-03-01,0.043688467337648584,"{""type"":""MultiPoint"",""coordinates"":[]}"
279,2024-04-01,3.8348841876742146,"{""type"":""MultiPoint"",""coordinates"":[]}"
280,2024-05-01,97.49372332414694,"{""type"":""MultiPoint"",""coordinates"":[]}"
281,2024-06-01,128.62531037634807,"{""type"":""MultiPoint"",""coordinates"":[]}"
282,2024-07-01,105.25594666950397,"{""type"":""MultiPoint"",""coordinates"":[]}"
283,2024-08-01,173.56958068750419,"{""type"":""MultiPoint"",""coordinates"":[]}"
284,2024-09-01,136.54134211785077,"{""type"":""MultiPoint"",""coordinates"":[]}"
285,2024-10-01,214.77576318591818,"{""type"":""MultiPoint"",""coordinates"":[]}"
286,2024-11-01,56.21480725903755,"{""type"":""MultiPoint"",""coordinates"":[]}"
287,2024-12-01,27.44982163224141,"{""type"":""MultiPoint"",""coordinates"":[]}"
288,2025-01-01,2.3677906890149654,"{""type"":""MultiPoint"",""coordinates"":[]}"
289,2025-02-01,2.072192714605038,"{""type"":""MultiPoint"",""coordinates"":[]}"
290,2025-03-01,1.3991235049683441,"{""type"":""MultiPoint"",""coordinates"":[]}"
291,2025-04-01,19.72340813632368,"{""type"":""MultiPoint"",""coordinates"":[]}"
292,2025-05-01,197.62903535544658,"{""type"":""MultiPoint"",""coordinates"":[]}"
293,2025-06-01,51.601752105648195,"{""type"":""MultiPoint"",""coordinates"":[]}"
294,2025-07-01,80.22829987222836,"{""type"":""MultiPoint"",""coordinates"":[]}"
295,2025-08-01,160.25655446304611,"{""type"":""MultiPoint"",""coordinates"":[]}"
296,2025-09-01,147.01952482578855,"{""type"":""MultiPoint"",""coordinates"":[]}"
297,2025-10-01,324.60369513900537,"{""type"":""MultiPoint"",""coordinates"":[]}"
298,2025-11-01,43.096898395451056,"{""type"":""MultiPoint"",""coordinates"":[]}"
