system:index,date,spei,.geo
2001_01_01,2001-01-01,0.8373637137038457,"{""type"":""MultiPoint"",""coordinates"":[]}"
2001_02_01,2001-02-01,-1.5166059688141635,"{""type"":""MultiPoint"",""coordinates"":[]}"
2001_03_01,2001-03-01,0.4338802965831454,"{""type"":""MultiPoint"",""coordinates"":[]}"
2001_04_01,2001-04-01,0.1550711250610193,"{""type"":""MultiPoint"",""coordinates"":[]}"
2001_05_01,2001-05-01,-0.9770662342592821,"{""type"":""MultiPoint"",""coordinates"":[]}"
2001_06_01,2001-06-01,0.8661365338456679,"{""type"":""MultiPoint"",""coordinates"":[]}"
2001_07_01,2001-07-01,-1.28983600375472,"{""type"":""MultiPoint"",""coordinates"":[]}"
2001_08_01,2001-08-01,0.6436759503910409,"{""type"":""MultiPoint"",""coordinates"":[]}"
2001_09_01,2001-09-01,-0.37760235929698965,"{""type"":""MultiPoint"",""coordinates"":[]}"
2001_10_01,2001-10-01,0.8142205168246601,"{""type"":""MultiPoint"",""coordinates"":[]}"
2001_11_01,2001-11-01,-0.58383900272955,"{""type"":""MultiPoint"",""coordinates"":[]}"
2001_12_01,2001-12-01,-0.29138971616622095,"{""type"":""MultiPoint"",""coordinates"":[]}"
2002_01_01,2002-01-01,1.129025394478242,"{""type"":""MultiPoint"",""coordinates"":[]}"
2002_02_01,2002-02-01,-0.22728457580159045,"{""type"":""MultiPoint"",""coordinates"":[]}"
2002_03_01,2002-03-01,-0.7270049128336578,"{""type"":""MultiPoint"",""coordinates"":[]}"
2002_04_01,2002-04-01,-2.037059261559507,"{""type"":""MultiPoint"",""coordinates"":[]}"
2002_05_01,2002-05-01,1.0918805706065824,"{""type"":""MultiPoint"",""coordinates"":[]}"
2002_06_01,2002-06-01,0.13749710633146248,"{""type"":""MultiPoint"",""coordinates"":[]}"
2002_07_01,2002-07-01,-1.8536411234732557,"{""type"":""MultiPoint"",""coordinates"":[]}"
2002_08_01,2002-08-01,0.49826323648616,"{""type"":""MultiPoint"",""coordinates"":[]}"
2002_09_01,2002-09-01,-1.8285980143012401,"{""type"":""MultiPoint"",""coordinates"":[]}"
2002_10_01,2002-10-01,0.7169338071905805,"{""type"":""MultiPoint"",""coordinates"":[]}"
2002_11_01,2002-11-01,-0.31238370915241004,"{""type"":""MultiPoint"",""coordinates"":[]}"
2002_12_01,2002-12-01,-1.2723228452724773,"{""type"":""MultiPoint"",""coordinates"":[]}"
2003_01_01,2003-01-01,-0.25319409175658164,"{""type"":""MultiPoint"",""coordinates"":[]}"
2003_02_01,2003-02-01,-0.6390993868084589,"{""type"":""MultiPoint"",""coordinates"":[]}"
2003_03_01,2003-03-01,-0.16198489902148844,"{""type"":""MultiPoint"",""coordinates"":[]}"
2003_04_01,2003-04-01,-0.7577858604563612,"{""type"":""MultiPoint"",""coordinates"":[]}"
2003_05_01,2003-05-01,-1.4815151051871933,"{""type"":""MultiPoint"",""coordinates"":[]}"
2003_06_01,2003-06-01,-0.9808477194010822,"{""type"":""MultiPoint"",""coordinates"":[]}"
2003_07_01,2003-07-01,0.7824526372835566,"{""type"":""MultiPoint"",""coordinates"":[]}"
2003_08_01,2003-08-01,-0.4272217157611325,"{""type"":""MultiPoint"",""coordinates"":[]}"
2003_09_01,2003-09-01,-1.01392088370031,"{""type"":""MultiPoint"",""coordinates"":[]}"
2003_10_01,2003-10-01,0.5789464351173487,"{""type"":""MultiPoint"",""coordinates"":[]}"
2003_11_01,2003-11-01,-1.2789242145601745,"{""type"":""MultiPoint"",""coordinates"":[]}"
2003_12_01,2003-12-01,-0.6591085632473735,"{""type"":""MultiPoint"",""coordinates"":[]}"
2004_01_01,2004-01-01,-0.401644973091616,"{""type"":""MultiPoint"",""coordinates"":[]}"
2004_02_01,2004-02-01,-0.8321654663325289,"{""type"":""MultiPoint"",""coordinates"":[]}"
2004_03_01,2004-03-01,-0.7603717161903479,"{""type"":""MultiPoint"",""coordinates"":[]}"
2004_04_01,2004-04-01,0.40259569068833934,"{""type"":""MultiPoint"",""coordinates"":[]}"
2004_05_01,2004-05-01,0.9167450131773172,"{""type"":""MultiPoint"",""coordinates"":[]}"
2004_06_01,2004-06-01,-0.8552559191625775,"{""type"":""MultiPoint"",""coordinates"":[]}"
2004_07_01,2004-07-01,0.16316128001005584,"{""type"":""MultiPoint"",""coordinates"":[]}"
2004_08_01,2004-08-01,-1.5924797506500254,"{""type"":""MultiPoint"",""coordinates"":[]}"
2004_09_01,2004-09-01,0.1507842957261935,"{""type"":""MultiPoint"",""coordinates"":[]}"
2004_10_01,2004-10-01,0.05602545690913399,"{""type"":""MultiPoint"",""coordinates"":[]}"
2004_11_01,2004-11-01,-1.041255283697643,"{""type"":""MultiPoint"",""coordinates"":[]}"
2004_12_01,2004-12-01,-1.7449813751695673,"{""type"":""MultiPoint"",""coordinates"":[]}"
2005_01_01,2005-01-01,-0.20717135785242263,"{""type"":""MultiPoint"",""coordinates"":[]}"
2005_02_01,2005-02-01,-0.8088670799209989,"{""type"":""MultiPoint"",""coordinates"":[]}"
2005_03_01,2005-03-01,-0.6100000525779798,"{""type"":""MultiPoint"",""coordinates"":[]}"
2005_04_01,2005-04-01,0.4986654925299748,"{""type"":""MultiPoint"",""coordinates"":[]}"
2005_05_01,2005-05-01,0.43645076886926826,"{""type"":""MultiPoint"",""coordinates"":[]}"
2005_06_01,2005-06-01,-1.39246176849599,"{""type"":""MultiPoint"",""coordinates"":[]}"
2005_07_01,2005-07-01,1.1298818816728358,"{""type"":""MultiPoint"",""coordinates"":[]}"
2005_08_01,2005-08-01,-0.8846141818177436,"{""type"":""MultiPoint"",""coordinates"":[]}"
2005_09_01,2005-09-01,1.3430109925500107,"{""type"":""MultiPoint"",""coordinates"":[]}"
2005_10_01,2005-10-01,2.0507739786996058,"{""type"":""MultiPoint"",""coordinates"":[]}"
2005_11_01,2005-11-01,-0.23647638151210867,"{""type"":""MultiPoint"",""coordinates"":[]}"
2005_12_01,2005-12-01,0.2024094038078321,"{""type"":""MultiPoint"",""coordinates"":[]}"
2006_01_01,2006-01-01,-0.8375531434624262,"{""type"":""MultiPoint"",""coordinates"":[]}"
2006_02_01,2006-02-01,-0.9175263129592408,"{""type"":""MultiPoint"",""coordinates"":[]}"
2006_03_01,2006-03-01,1.3619406772716731,"{""type"":""MultiPoint"",""coordinates"":[]}"
2006_04_01,2006-04-01,1.2667079853110084,"{""type"":""MultiPoint"",""coordinates"":[]}"
2006_05_01,2006-05-01,1.2509100821835746,"{""type"":""MultiPoint"",""coordinates"":[]}"
2006_06_01,2006-06-01,0.5090761762379512,"{""type"":""MultiPoint"",""coordinates"":[]}"
2006_07_01,2006-07-01,-0.20581812570369384,"{""type"":""MultiPoint"",""coordinates"":[]}"
2006_08_01,2006-08-01,-0.1309953963968689,"{""type"":""MultiPoint"",""coordinates"":[]}"
2006_09_01,2006-09-01,-0.1937030394315098,"{""type"":""MultiPoint"",""coordinates"":[]}"
2006_10_01,2006-10-01,1.6696666287163555,"{""type"":""MultiPoint"",""coordinates"":[]}"
2006_11_01,2006-11-01,1.2820294616741492,"{""type"":""MultiPoint"",""coordinates"":[]}"
2006_12_01,2006-12-01,-1.251050626516653,"{""type"":""MultiPoint"",""coordinates"":[]}"
2007_01_01,2007-01-01,-0.9014823712418257,"{""type"":""MultiPoint"",""coordinates"":[]}"
2007_02_01,2007-02-01,0.37013952150416346,"{""type"":""MultiPoint"",""coordinates"":[]}"
2007_03_01,2007-03-01,-1.0281011394991248,"{""type"":""MultiPoint"",""coordinates"":[]}"
2007_04_01,2007-04-01,-0.1381898485919439,"{""type"":""MultiPoint"",""coordinates"":[]}"
2007_05_01,2007-05-01,-1.1996648108399675,"{""type"":""MultiPoint"",""coordinates"":[]}"
2007_06_01,2007-06-01,1.4877650349205445,"{""type"":""MultiPoint"",""coordinates"":[]}"
2007_07_01,2007-07-01,0.3299805705509643,"{""type"":""MultiPoint"",""coordinates"":[]}"
2007_08_01,2007-08-01,0.8644671938254593,"{""type"":""MultiPoint"",""coordinates"":[]}"
2007_09_01,2007-09-01,0.8385156550416737,"{""type"":""MultiPoint"",""coordinates"":[]}"
2007_10_01,2007-10-01,-0.38478176505578077,"{""type"":""MultiPoint"",""coordinates"":[]}"
2007_11_01,2007-11-01,-0.5797121115660263,"{""type"":""MultiPoint"",""coordinates"":[]}"
2007_12_01,2007-12-01,-0.050974033641503866,"{""type"":""MultiPoint"",""coordinates"":[]}"
2008_01_01,2008-01-01,-1.0787571217510195,"{""type"":""MultiPoint"",""coordinates"":[]}"
2008_02_01,2008-02-01,1.9977945418059437,"{""type"":""MultiPoint"",""coordinates"":[]}"
2008_03_01,2008-03-01,1.523220350565158,"{""type"":""MultiPoint"",""coordinates"":[]}"
2008_04_01,2008-04-01,-0.28975235597950544,"{""type"":""MultiPoint"",""coordinates"":[]}"
2008_05_01,2008-05-01,-1.1748626448573471,"{""type"":""MultiPoint"",""coordinates"":[]}"
2008_06_01,2008-06-01,-0.2551519360679847,"{""type"":""MultiPoint"",""coordinates"":[]}"
2008_07_01,2008-07-01,-0.14862840310360806,"{""type"":""MultiPoint"",""coordinates"":[]}"
2008_08_01,2008-08-01,1.913625821218652,"{""type"":""MultiPoint"",""coordinates"":[]}"
2008_09_01,2008-09-01,0.08371098981890951,"{""type"":""MultiPoint"",""coordinates"":[]}"
2008_10_01,2008-10-01,-0.5230370800665336,"{""type"":""MultiPoint"",""coordinates"":[]}"
2008_11_01,2008-11-01,1.3267950890427929,"{""type"":""MultiPoint"",""coordinates"":[]}"
2008_12_01,2008-12-01,-1.5155434650423631,"{""type"":""MultiPoint"",""coordinates"":[]}"
2009_01_01,2009-01-01,-1.3805581823166224,"{""type"":""MultiPoint"",""coordinates"":[]}"
2009_02_01,2009-02-01,-1.973858904574343,"{""type"":""MultiPoint"",""coordinates"":[]}"
2009_03_01,2009-03-01,0.24291079818736153,"{""type"":""MultiPoint"",""coordinates"":[]}"
2009_04_01,2009-04-01,-0.3117963129040121,"{""type"":""MultiPoint"",""coordinates"":[]}"
2009_05_01,2009-05-01,1.1137583853757054,"{""type"":""MultiPoint"",""coordinates"":[]}"
2009_06_01,2009-06-01,-0.8881395877432443,"{""type"":""MultiPoint"",""coordinates"":[]}"
2009_07_01,2009-07-01,-1.4591655381499866,"{""type"":""MultiPoint"",""coordinates"":[]}"
2009_08_01,2009-08-01,0.911214965535267,"{""type"":""MultiPoint"",""coordinates"":[]}"
2009_09_01,2009-09-01,-0.15476005030686651,"{""type"":""MultiPoint"",""coordinates"":[]}"
2009_10_01,2009-10-01,-1.329758343205458,"{""type"":""MultiPoint"",""coordinates"":[]}"
2009_11_01,2009-11-01,0.8664585623545317,"{""type"":""MultiPoint"",""coordinates"":[]}"
2009_12_01,2009-12-01,0.19513038187160253,"{""type"":""MultiPoint"",""coordinates"":[]}"
2010_01_01,2010-01-01,1.0203983596437447,"{""type"":""MultiPoint"",""coordinates"":[]}"
2010_02_01,2010-02-01,-1.6166329086215434,"{""type"":""MultiPoint"",""coordinates"":[]}"
2010_03_01,2010-03-01,-0.7669754857112409,"{""type"":""MultiPoint"",""coordinates"":[]}"
2010_04_01,2010-04-01,0.7715778432427048,"{""type"":""MultiPoint"",""coordinates"":[]}"
2010_05_01,2010-05-01,1.2205554506458547,"{""type"":""MultiPoint"",""coordinates"":[]}"
2010_06_01,2010-06-01,0.8164202795501172,"{""type"":""MultiPoint"",""coordinates"":[]}"
2010_07_01,2010-07-01,1.5289801871294773,"{""type"":""MultiPoint"",""coordinates"":[]}"
2010_08_01,2010-08-01,0.6044913550943254,"{""type"":""MultiPoint"",""coordinates"":[]}"
2010_09_01,2010-09-01,1.809502560980472,"{""type"":""MultiPoint"",""coordinates"":[]}"
2010_10_01,2010-10-01,0.6477913697003697,"{""type"":""MultiPoint"",""coordinates"":[]}"
2010_11_01,2010-11-01,1.2343546797896612,"{""type"":""MultiPoint"",""coordinates"":[]}"
2010_12_01,2010-12-01,1.8693064641610584,"{""type"":""MultiPoint"",""coordinates"":[]}"
2011_01_01,2011-01-01,-0.4459404443260744,"{""type"":""MultiPoint"",""coordinates"":[]}"
2011_02_01,2011-02-01,1.86878899777262,"{""type"":""MultiPoint"",""coordinates"":[]}"
2011_03_01,2011-03-01,-1.143494665778134,"{""type"":""MultiPoint"",""coordinates"":[]}"
2011_04_01,2011-04-01,1.0954652805138754,"{""type"":""MultiPoint"",""coordinates"":[]}"
2011_05_01,2011-05-01,-0.3703273451235024,"{""type"":""MultiPoint"",""coordinates"":[]}"
2011_06_01,2011-06-01,-0.8285259491651086,"{""type"":""MultiPoint"",""coordinates"":[]}"
2011_07_01,2011-07-01,0.7376213939629758,"{""type"":""MultiPoint"",""coordinates"":[]}"
2011_08_01,2011-08-01,0.5167323946758542,"{""type"":""MultiPoint"",""coordinates"":[]}"
2011_09_01,2011-09-01,-1.499893444613341,"{""type"":""MultiPoint"",""coordinates"":[]}"
2011_10_01,2011-10-01,-0.567495179533803,"{""type"":""MultiPoint"",""coordinates"":[]}"
2011_11_01,2011-11-01,-0.4147007949601718,"{""type"":""MultiPoint"",""coordinates"":[]}"
2011_12_01,2011-12-01,-0.3677293585304952,"{""type"":""MultiPoint"",""coordinates"":[]}"
2012_01_01,2012-01-01,0.23032890699288988,"{""type"":""MultiPoint"",""coordinates"":[]}"
2012_02_01,2012-02-01,-0.8655036601979854,"{""type"":""MultiPoint"",""coordinates"":[]}"
2012_03_01,2012-03-01,-1.1083707104217275,"{""type"":""MultiPoint"",""coordinates"":[]}"
2012_04_01,2012-04-01,-0.5044447073550237,"{""type"":""MultiPoint"",""coordinates"":[]}"
2012_05_01,2012-05-01,-0.09843917025406172,"{""type"":""MultiPoint"",""coordinates"":[]}"
2012_06_01,2012-06-01,0.011343731808402077,"{""type"":""MultiPoint"",""coordinates"":[]}"
2012_07_01,2012-07-01,0.020590798427852292,"{""type"":""MultiPoint"",""coordinates"":[]}"
2012_08_01,2012-08-01,0.12714398299699656,"{""type"":""MultiPoint"",""coordinates"":[]}"
2012_09_01,2012-09-01,0.019481617998637773,"{""type"":""MultiPoint"",""coordinates"":[]}"
2012_10_01,2012-10-01,0.45807454430994804,"{""type"":""MultiPoint"",""coordinates"":[]}"
2012_11_01,2012-11-01,0.6966340638978851,"{""type"":""MultiPoint"",""coordinates"":[]}"
2012_12_01,2012-12-01,-0.7854172098395721,"{""type"":""MultiPoint"",""coordinates"":[]}"
2013_01_01,2013-01-01,-1.5675657785350683,"{""type"":""MultiPoint"",""coordinates"":[]}"
2013_02_01,2013-02-01,1.3597944179911658,"{""type"":""MultiPoint"",""coordinates"":[]}"
2013_03_01,2013-03-01,0.031566771157717305,"{""type"":""MultiPoint"",""coordinates"":[]}"
2013_04_01,2013-04-01,1.1209654289709388,"{""type"":""MultiPoint"",""coordinates"":[]}"
2013_05_01,2013-05-01,0.1370492616590632,"{""type"":""MultiPoint"",""coordinates"":[]}"
2013_06_01,2013-06-01,1.5230824331882884,"{""type"":""MultiPoint"",""coordinates"":[]}"
2013_07_01,2013-07-01,0.8118941078285504,"{""type"":""MultiPoint"",""coordinates"":[]}"
2013_08_01,2013-08-01,-0.6030852196269426,"{""type"":""MultiPoint"",""coordinates"":[]}"
2013_09_01,2013-09-01,-0.08411158534462626,"{""type"":""MultiPoint"",""coordinates"":[]}"
2013_10_01,2013-10-01,1.4929208123699473,"{""type"":""MultiPoint"",""coordinates"":[]}"
2013_11_01,2013-11-01,0.060857721885503535,"{""type"":""MultiPoint"",""coordinates"":[]}"
2013_12_01,2013-12-01,-1.1432378686080547,"{""type"":""MultiPoint"",""coordinates"":[]}"
2014_01_01,2014-01-01,-0.6622388294595627,"{""type"":""MultiPoint"",""coordinates"":[]}"
2014_02_01,2014-02-01,0.25725841586692977,"{""type"":""MultiPoint"",""coordinates"":[]}"
2014_03_01,2014-03-01,0.35045509075325815,"{""type"":""MultiPoint"",""coordinates"":[]}"
2014_04_01,2014-04-01,-0.8360940220497421,"{""type"":""MultiPoint"",""coordinates"":[]}"
2014_05_01,2014-05-01,0.23947051142231895,"{""type"":""MultiPoint"",""coordinates"":[]}"
2014_06_01,2014-06-01,-0.44279668836658903,"{""type"":""MultiPoint"",""coordinates"":[]}"
2014_07_01,2014-07-01,0.10383585869848264,"{""type"":""MultiPoint"",""coordinates"":[]}"
2014_08_01,2014-08-01,0.07140375578453013,"{""type"":""MultiPoint"",""coordinates"":[]}"
2014_09_01,2014-09-01,-0.7982728987582502,"{""type"":""MultiPoint"",""coordinates"":[]}"
2014_10_01,2014-10-01,-0.2720069110665514,"{""type"":""MultiPoint"",""coordinates"":[]}"
2014_11_01,2014-11-01,0.357799619960816,"{""type"":""MultiPoint"",""coordinates"":[]}"
2014_12_01,2014-12-01,-0.2884231461497386,"{""type"":""MultiPoint"",""coordinates"":[]}"
2015_01_01,2015-01-01,-1.0781500624223206,"{""type"":""MultiPoint"",""coordinates"":[]}"
2015_02_01,2015-02-01,-1.1651853123653044,"{""type"":""MultiPoint"",""coordinates"":[]}"
2015_03_01,2015-03-01,0.1740607246319427,"{""type"":""MultiPoint"",""coordinates"":[]}"
2015_04_01,2015-04-01,1.6949135367376087,"{""type"":""MultiPoint"",""coordinates"":[]}"
2015_05_01,2015-05-01,-0.3896138946461398,"{""type"":""MultiPoint"",""coordinates"":[]}"
2015_06_01,2015-06-01,1.6056732066762496,"{""type"":""MultiPoint"",""coordinates"":[]}"
2015_07_01,2015-07-01,-1.6473132433294477,"{""type"":""MultiPoint"",""coordinates"":[]}"
2015_08_01,2015-08-01,-0.6585616520089929,"{""type"":""MultiPoint"",""coordinates"":[]}"
2015_09_01,2015-09-01,-0.6470362369014823,"{""type"":""MultiPoint"",""coordinates"":[]}"
2015_10_01,2015-10-01,-0.7672671367167804,"{""type"":""MultiPoint"",""coordinates"":[]}"
2015_11_01,2015-11-01,1.033964230852612,"{""type"":""MultiPoint"",""coordinates"":[]}"
2015_12_01,2015-12-01,-0.4149110592620003,"{""type"":""MultiPoint"",""coordinates"":[]}"
2016_01_01,2016-01-01,-0.7125577325100927,"{""type"":""MultiPoint"",""coordinates"":[]}"
2016_02_01,2016-02-01,-1.5139798465266223,"{""type"":""MultiPoint"",""coordinates"":[]}"
2016_03_01,2016-03-01,-1.2618838632588592,"{""type"":""MultiPoint"",""coordinates"":[]}"
2016_04_01,2016-04-01,-2.726970460299873,"{""type"":""MultiPoint"",""coordinates"":[]}"
2016_05_01,2016-05-01,1.954930296544146,"{""type"":""MultiPoint"",""coordinates"":[]}"
2016_06_01,2016-06-01,1.3912649714185175,"{""type"":""MultiPoint"",""coordinates"":[]}"
2016_07_01,2016-07-01,-0.5463173485991231,"{""type"":""MultiPoint"",""coordinates"":[]}"
2016_08_01,2016-08-01,-1.271137277686767,"{""type"":""MultiPoint"",""coordinates"":[]}"
2016_09_01,2016-09-01,1.5308519244349454,"{""type"":""MultiPoint"",""coordinates"":[]}"
2016_10_01,2016-10-01,-1.399880138882758,"{""type"":""MultiPoint"",""coordinates"":[]}"
2016_11_01,2016-11-01,-1.4049076835055396,"{""type"":""MultiPoint"",""coordinates"":[]}"
2016_12_01,2016-12-01,0.5736050059353494,"{""type"":""MultiPoint"",""coordinates"":[]}"
2017_01_01,2017-01-01,-0.47699791736016844,"{""type"":""MultiPoint"",""coordinates"":[]}"
2017_02_01,2017-02-01,-1.3695213782662985,"{""type"":""MultiPoint"",""coordinates"":[]}"
2017_03_01,2017-03-01,-0.6188989482829748,"{""type"":""MultiPoint"",""coordinates"":[]}"
2017_04_01,2017-04-01,-1.2402643536884128,"{""type"":""MultiPoint"",""coordinates"":[]}"
2017_05_01,2017-05-01,0.004184111326233512,"{""type"":""MultiPoint"",""coordinates"":[]}"
2017_06_01,2017-06-01,1.5934940292906725,"{""type"":""MultiPoint"",""coordinates"":[]}"
2017_07_01,2017-07-01,0.07470212806370766,"{""type"":""MultiPoint"",""coordinates"":[]}"
2017_08_01,2017-08-01,0.5125065320380873,"{""type"":""MultiPoint"",""coordinates"":[]}"
2017_09_01,2017-09-01,-0.37623523780408236,"{""type"":""MultiPoint"",""coordinates"":[]}"
2017_10_01,2017-10-01,0.726901492324926,"{""type"":""MultiPoint"",""coordinates"":[]}"
2017_11_01,2017-11-01,-0.6905552395164112,"{""type"":""MultiPoint"",""coordinates"":[]}"
2017_12_01,2017-12-01,-1.3678131496735315,"{""type"":""MultiPoint"",""coordinates"":[]}"
2018_01_01,2018-01-01,-0.8522171743962104,"{""type"":""MultiPoint"",""coordinates"":[]}"
2018_02_01,2018-02-01,-0.6819130578205825,"{""type"":""MultiPoint"",""coordinates"":[]}"
2018_03_01,2018-03-01,-0.032483797690392786,"{""type"":""MultiPoint"",""coordinates"":[]}"
2018_04_01,2018-04-01,-0.04448908919558374,"{""type"":""MultiPoint"",""coordinates"":[]}"
2018_05_01,2018-05-01,-0.2421870977172174,"{""type"":""MultiPoint"",""coordinates"":[]}"
2018_06_01,2018-06-01,0.7158310792397955,"{""type"":""MultiPoint"",""coordinates"":[]}"
2018_07_01,2018-07-01,-0.30410070923998506,"{""type"":""MultiPoint"",""coordinates"":[]}"
2018_08_01,2018-08-01,0.23198516577338948,"{""type"":""MultiPoint"",""coordinates"":[]}"
2018_09_01,2018-09-01,-0.7242133958165619,"{""type"":""MultiPoint"",""coordinates"":[]}"
2018_10_01,2018-10-01,-0.5123892911604206,"{""type"":""MultiPoint"",""coordinates"":[]}"
2018_11_01,2018-11-01,-0.9980677596671019,"{""type"":""MultiPoint"",""coordinates"":[]}"
2018_12_01,2018-12-01,1.656689034136209,"{""type"":""MultiPoint"",""coordinates"":[]}"
2019_01_01,2019-01-01,0.6730897710834677,"{""type"":""MultiPoint"",""coordinates"":[]}"
2019_02_01,2019-02-01,-1.3124447908675034,"{""type"":""MultiPoint"",""coordinates"":[]}"
2019_03_01,2019-03-01,-2.1744382881123516,"{""type"":""MultiPoint"",""coordinates"":[]}"
2019_04_01,2019-04-01,-0.5658962726690158,"{""type"":""MultiPoint"",""coordinates"":[]}"
2019_05_01,2019-05-01,-0.4366725496996335,"{""type"":""MultiPoint"",""coordinates"":[]}"
2019_06_01,2019-06-01,-1.408195206402489,"{""type"":""MultiPoint"",""coordinates"":[]}"
2019_07_01,2019-07-01,0.22428144787036305,"{""type"":""MultiPoint"",""coordinates"":[]}"
2019_08_01,2019-08-01,-0.6705630610477193,"{""type"":""MultiPoint"",""coordinates"":[]}"
2019_09_01,2019-09-01,0.8757423511773078,"{""type"":""MultiPoint"",""coordinates"":[]}"
2019_10_01,2019-10-01,1.161259520745495,"{""type"":""MultiPoint"",""coordinates"":[]}"
2019_11_01,2019-11-01,-1.1073447774799428,"{""type"":""MultiPoint"",""coordinates"":[]}"
2019_12_01,2019-12-01,0.51870665925578,"{""type"":""MultiPoint"",""coordinates"":[]}"
2020_01_01,2020-01-01,-1.4097528796123324,"{""type"":""MultiPoint"",""coordinates"":[]}"
2020_02_01,2020-02-01,-0.6854341945998284,"{""type"":""MultiPoint"",""coordinates"":[]}"
2020_03_01,2020-03-01,-0.676400424186456,"{""type"":""MultiPoint"",""coordinates"":[]}"
2020_04_01,2020-04-01,1.4583795829111468,"{""type"":""MultiPoint"",""coordinates"":[]}"
2020_05_01,2020-05-01,-0.8441715508971407,"{""type"":""MultiPoint"",""coordinates"":[]}"
2020_06_01,2020-06-01,0.7464752767667311,"{""type"":""MultiPoint"",""coordinates"":[]}"
2020_07_01,2020-07-01,-0.0726918984326562,"{""type"":""MultiPoint"",""coordinates"":[]}"
2020_08_01,2020-08-01,0.6917629674407307,"{""type"":""MultiPoint"",""coordinates"":[]}"
2020_09_01,2020-09-01,1.0582273312233574,"{""type"":""MultiPoint"",""coordinates"":[]}"
2020_10_01,2020-10-01,0.37900029977654853,"{""type"":""MultiPoint"",""coordinates"":[]}"
2020_11_01,2020-11-01,0.8060698655702302,"{""type"":""MultiPoint"",""coordinates"":[]}"
2020_12_01,2020-12-01,-0.3415354345979793,"{""type"":""MultiPoint"",""coordinates"":[]}"
2021_01_01,2021-01-01,0.43104259093502134,"{""type"":""MultiPoint"",""coordinates"":[]}"
2021_02_01,2021-02-01,0.10635340126350307,"{""type"":""MultiPoint"",""coordinates"":[]}"
2021_03_01,2021-03-01,-1.1050390526555198,"{""type"":""MultiPoint"",""coordinates"":[]}"
2021_04_01,2021-04-01,1.0802268828842134,"{""type"":""MultiPoint"",""coordinates"":[]}"
2021_05_01,2021-05-01,0.4839852768174983,"{""type"":""MultiPoint"",""coordinates"":[]}"
2021_06_01,2021-06-01,1.076932959987101,"{""type"":""MultiPoint"",""coordinates"":[]}"
2021_07_01,2021-07-01,1.60386979160284,"{""type"":""MultiPoint"",""coordinates"":[]}"
2021_08_01,2021-08-01,-0.04966899228975604,"{""type"":""MultiPoint"",""coordinates"":[]}"
2021_09_01,2021-09-01,0.3903908601329411,"{""type"":""MultiPoint"",""coordinates"":[]}"
2021_10_01,2021-10-01,0.4872749388033362,"{""type"":""MultiPoint"",""coordinates"":[]}"
2021_11_01,2021-11-01,1.2768044752667438,"{""type"":""MultiPoint"",""coordinates"":[]}"
2021_12_01,2021-12-01,-1.1821465215984504,"{""type"":""MultiPoint"",""coordinates"":[]}"
2022_01_01,2022-01-01,1.549870144590405,"{""type"":""MultiPoint"",""coordinates"":[]}"
2022_02_01,2022-02-01,-0.6701139223117095,"{""type"":""MultiPoint"",""coordinates"":[]}"
2022_03_01,2022-03-01,-0.6935534481508013,"{""type"":""MultiPoint"",""coordinates"":[]}"
2022_04_01,2022-04-01,-0.3496795008383993,"{""type"":""MultiPoint"",""coordinates"":[]}"
2022_05_01,2022-05-01,0.9402036347864815,"{""type"":""MultiPoint"",""coordinates"":[]}"
2022_06_01,2022-06-01,0.8734071921882606,"{""type"":""MultiPoint"",""coordinates"":[]}"
2022_07_01,2022-07-01,1.5710733624605029,"{""type"":""MultiPoint"",""coordinates"":[]}"
2022_08_01,2022-08-01,-0.5126172372150918,"{""type"":""MultiPoint"",""coordinates"":[]}"
2022_09_01,2022-09-01,0.11677378546713695,"{""type"":""MultiPoint"",""coordinates"":[]}"
2022_10_01,2022-10-01,1.1753881589996458,"{""type"":""MultiPoint"",""coordinates"":[]}"
2022_11_01,2022-11-01,-0.38033679020840006,"{""type"":""MultiPoint"",""coordinates"":[]}"
2022_12_01,2022-12-01,1.2174702238927764,"{""type"":""MultiPoint"",""coordinates"":[]}"
2023_01_01,2023-01-01,-0.21003646130468379,"{""type"":""MultiPoint"",""coordinates"":[]}"
2023_02_01,2023-02-01,-0.8612133186441668,"{""type"":""MultiPoint"",""coordinates"":[]}"
2023_03_01,2023-03-01,2.173998043776491,"{""type"":""MultiPoint"",""coordinates"":[]}"
2023_04_01,2023-04-01,0.1598277665587261,"{""type"":""MultiPoint"",""coordinates"":[]}"
2023_05_01,2023-05-01,1.6592228448375417,"{""type"":""MultiPoint"",""coordinates"":[]}"
2023_06_01,2023-06-01,-0.12401028990628976,"{""type"":""MultiPoint"",""coordinates"":[]}"
2023_07_01,2023-07-01,1.9198653865824156,"{""type"":""MultiPoint"",""coordinates"":[]}"
2023_08_01,2023-08-01,-0.5539049396274376,"{""type"":""MultiPoint"",""coordinates"":[]}"
2023_09_01,2023-09-01,1.3950393951389906,"{""type"":""MultiPoint"",""coordinates"":[]}"
2023_10_01,2023-10-01,-1.6440280282668374,"{""type"":""MultiPoint"",""coordinates"":[]}"
2023_11_01,2023-11-01,0.03140270850600522,"{""type"":""MultiPoint"",""coordinates"":[]}"
2023_12_01,2023-12-01,1.0378521192027195,"{""type"":""MultiPoint"",""coordinates"":[]}"
2024_01_01,2024-01-01,0.7053434489758728,"{""type"":""MultiPoint"",""coordinates"":[]}"
2024_02_01,2024-02-01,-1.5256684472616833,"{""type"":""MultiPoint"",""coordinates"":[]}"
2024_03_01,2024-03-01,-1.250105951452504,"{""type"":""MultiPoint"",""coordinates"":[]}"
2024_04_01,2024-04-01,-2.1016574386978397,"{""type"":""MultiPoint"",""coordinates"":[]}"
2024_05_01,2024-05-01,1.5450551698695882,"{""type"":""MultiPoint"",""coordinates"":[]}"
2024_06_01,2024-06-01,0.48969861560026395,"{""type"":""MultiPoint"",""coordinates"":[]}"
2024_07_01,2024-07-01,0.8116080449915927,"{""type"":""MultiPoint"",""coordinates"":[]}"
2024_08_01,2024-08-01,1.0358942466966488,"{""type"":""MultiPoint"",""coordinates"":[]}"
2024_09_01,2024-09-01,0.8148170042457605,"{""type"":""MultiPoint"",""coordinates"":[]}"
2024_10_01,2024-10-01,-0.341864410112703,"{""type"":""MultiPoint"",""coordinates"":[]}"
2024_11_01,2024-11-01,-0.34668316423038154,"{""type"":""MultiPoint"",""coordinates"":[]}"
2024_12_01,2024-12-01,1.1837454807727248,"{""type"":""MultiPoint"",""coordinates"":[]}"
